22,-42,gRnJcKCr5HyMvx2sB5ZvgntcyQI=,1Xryeg71oBojTdtyql1LVJyy29M=
22,-43,gRnJcKCr5HyMvx2sB5ZvgntcyQI=,1Xryeg71oBojTdtyql1LVJyy29M=
21,-42,gRnJcKCr5HyMvx2sB5ZvgntcyQI=,1Xryeg71oBojTdtyql1LVJyy29M=
21,-43,gRnJcKCr5HyMvx2sB5ZvgntcyQI=,1Xryeg71oBojTdtyql1LVJyy29M=
17,-35,gRnJcKCr5HyMvx2sB5ZvgntcyQI=,iikpJ2aUgyCJbcHWrZoggEW/HLY=
18,-34,gRnJcKCr5HyMvx2sB5ZvgntcyQI=,iikpJ2aUgyCJbcHWrZoggEW/HLY=
17,-34,gRnJcKCr5HyMvx2sB5ZvgntcyQI=,iikpJ2aUgyCJbcHWrZoggEW/HLY=
18,-35,gRnJcKCr5HyMvx2sB5ZvgntcyQI=,iikpJ2aUgyCJbcHWrZoggEW/HLY=
19,-35,gRnJcKCr5HyMvx2sB5ZvgntcyQI=,iikpJ2aUgyCJbcHWrZoggEW/HLY=
19,-34,gRnJcKCr5HyMvx2sB5ZvgntcyQI=,iikpJ2aUgyCJbcHWrZoggEW/HLY=
21,-37,gRnJcKCr5HyMvx2sB5ZvgntcyQI=,SDzwD/AwV0PoTWqQOyJ7u8xuqHM=
22,-37,gRnJcKCr5HyMvx2sB5ZvgntcyQI=,SDzwD/AwV0PoTWqQOyJ7u8xuqHM=
21,-41,gRnJcKCr5HyMvx2sB5ZvgntcyQI=,1Xryeg71oBojTdtyql1LVJyy29M=
21,-40,gRnJcKCr5HyMvx2sB5ZvgntcyQI=,SDzwD/AwV0PoTWqQOyJ7u8xuqHM=
22,-41,gRnJcKCr5HyMvx2sB5ZvgntcyQI=,1Xryeg71oBojTdtyql1LVJyy29M=
22,-38,gRnJcKCr5HyMvx2sB5ZvgntcyQI=,SDzwD/AwV0PoTWqQOyJ7u8xuqHM=
22,-39,gRnJcKCr5HyMvx2sB5ZvgntcyQI=,SDzwD/AwV0PoTWqQOyJ7u8xuqHM=
22,-40,gRnJcKCr5HyMvx2sB5ZvgntcyQI=,SDzwD/AwV0PoTWqQOyJ7u8xuqHM=
21,-39,gRnJcKCr5HyMvx2sB5ZvgntcyQI=,SDzwD/AwV0PoTWqQOyJ7u8xuqHM=
21,-44,gRnJcKCr5HyMvx2sB5ZvgntcyQI=,1Xryeg71oBojTdtyql1LVJyy29M=
22,-44,gRnJcKCr5HyMvx2sB5ZvgntcyQI=,1Xryeg71oBojTdtyql1LVJyy29M=
16,-34,gRnJcKCr5HyMvx2sB5ZvgntcyQI=,iikpJ2aUgyCJbcHWrZoggEW/HLY=
16,-35,gRnJcKCr5HyMvx2sB5ZvgntcyQI=,iikpJ2aUgyCJbcHWrZoggEW/HLY=
17,-33,gRnJcKCr5HyMvx2sB5ZvgntcyQI=,iikpJ2aUgyCJbcHWrZoggEW/HLY=
21,-38,gRnJcKCr5HyMvx2sB5ZvgntcyQI=,SDzwD/AwV0PoTWqQOyJ7u8xuqHM=
18,-33,gRnJcKCr5HyMvx2sB5ZvgntcyQI=,iikpJ2aUgyCJbcHWrZoggEW/HLY=
19,-33,gRnJcKCr5HyMvx2sB5ZvgntcyQI=,iikpJ2aUgyCJbcHWrZoggEW/HLY=
23,-42,gRnJcKCr5HyMvx2sB5ZvgntcyQI=,1Xryeg71oBojTdtyql1LVJyy29M=
23,-43,gRnJcKCr5HyMvx2sB5ZvgntcyQI=,1Xryeg71oBojTdtyql1LVJyy29M=
23,-40,gRnJcKCr5HyMvx2sB5ZvgntcyQI=,SDzwD/AwV0PoTWqQOyJ7u8xuqHM=
23,-41,gRnJcKCr5HyMvx2sB5ZvgntcyQI=,1Xryeg71oBojTdtyql1LVJyy29M=
23,-39,gRnJcKCr5HyMvx2sB5ZvgntcyQI=,SDzwD/AwV0PoTWqQOyJ7u8xuqHM=
23,-38,gRnJcKCr5HyMvx2sB5ZvgntcyQI=,SDzwD/AwV0PoTWqQOyJ7u8xuqHM=
23,-37,gRnJcKCr5HyMvx2sB5ZvgntcyQI=,SDzwD/AwV0PoTWqQOyJ7u8xuqHM=
23,-44,gRnJcKCr5HyMvx2sB5ZvgntcyQI=,1Xryeg71oBojTdtyql1LVJyy29M=
16,-33,gRnJcKCr5HyMvx2sB5ZvgntcyQI=,iikpJ2aUgyCJbcHWrZoggEW/HLY=
19,-48,gRnJcKCr5HyMvx2sB5ZvgntcyQI=,oSmHsYpYE1MV0mUNCzJE3v2ceFs=
17,-47,gRnJcKCr5HyMvx2sB5ZvgntcyQI=,oSmHsYpYE1MV0mUNCzJE3v2ceFs=
18,-47,gRnJcKCr5HyMvx2sB5ZvgntcyQI=,oSmHsYpYE1MV0mUNCzJE3v2ceFs=
17,-48,gRnJcKCr5HyMvx2sB5ZvgntcyQI=,oSmHsYpYE1MV0mUNCzJE3v2ceFs=
19,-46,gRnJcKCr5HyMvx2sB5ZvgntcyQI=,oSmHsYpYE1MV0mUNCzJE3v2ceFs=
18,-46,gRnJcKCr5HyMvx2sB5ZvgntcyQI=,oSmHsYpYE1MV0mUNCzJE3v2ceFs=
19,-47,gRnJcKCr5HyMvx2sB5ZvgntcyQI=,oSmHsYpYE1MV0mUNCzJE3v2ceFs=
17,-46,gRnJcKCr5HyMvx2sB5ZvgntcyQI=,oSmHsYpYE1MV0mUNCzJE3v2ceFs=
18,-48,gRnJcKCr5HyMvx2sB5ZvgntcyQI=,oSmHsYpYE1MV0mUNCzJE3v2ceFs=
16,-48,gRnJcKCr5HyMvx2sB5ZvgntcyQI=,oSmHsYpYE1MV0mUNCzJE3v2ceFs=
16,-47,gRnJcKCr5HyMvx2sB5ZvgntcyQI=,oSmHsYpYE1MV0mUNCzJE3v2ceFs=
18,-42,gRnJcKCr5HyMvx2sB5ZvgntcyQI=,NzlY1Hq1wDBeUtPs4qLqi1AVMg0=
16,-46,gRnJcKCr5HyMvx2sB5ZvgntcyQI=,oSmHsYpYE1MV0mUNCzJE3v2ceFs=
17,-42,gRnJcKCr5HyMvx2sB5ZvgntcyQI=,NzlY1Hq1wDBeUtPs4qLqi1AVMg0=
16,-42,gRnJcKCr5HyMvx2sB5ZvgntcyQI=,NzlY1Hq1wDBeUtPs4qLqi1AVMg0=
17,-43,gRnJcKCr5HyMvx2sB5ZvgntcyQI=,NzlY1Hq1wDBeUtPs4qLqi1AVMg0=
18,-43,gRnJcKCr5HyMvx2sB5ZvgntcyQI=,NzlY1Hq1wDBeUtPs4qLqi1AVMg0=
16,-45,gRnJcKCr5HyMvx2sB5ZvgntcyQI=,oSmHsYpYE1MV0mUNCzJE3v2ceFs=
16,-43,gRnJcKCr5HyMvx2sB5ZvgntcyQI=,NzlY1Hq1wDBeUtPs4qLqi1AVMg0=
18,-44,gRnJcKCr5HyMvx2sB5ZvgntcyQI=,NzlY1Hq1wDBeUtPs4qLqi1AVMg0=
19,-42,gRnJcKCr5HyMvx2sB5ZvgntcyQI=,NzlY1Hq1wDBeUtPs4qLqi1AVMg0=
20,-43,gRnJcKCr5HyMvx2sB5ZvgntcyQI=,1Xryeg71oBojTdtyql1LVJyy29M=
19,-45,gRnJcKCr5HyMvx2sB5ZvgntcyQI=,oSmHsYpYE1MV0mUNCzJE3v2ceFs=
20,-44,gRnJcKCr5HyMvx2sB5ZvgntcyQI=,1Xryeg71oBojTdtyql1LVJyy29M=
19,-44,gRnJcKCr5HyMvx2sB5ZvgntcyQI=,NzlY1Hq1wDBeUtPs4qLqi1AVMg0=
17,-44,gRnJcKCr5HyMvx2sB5ZvgntcyQI=,NzlY1Hq1wDBeUtPs4qLqi1AVMg0=
19,-43,gRnJcKCr5HyMvx2sB5ZvgntcyQI=,NzlY1Hq1wDBeUtPs4qLqi1AVMg0=
17,-45,gRnJcKCr5HyMvx2sB5ZvgntcyQI=,oSmHsYpYE1MV0mUNCzJE3v2ceFs=
20,-42,gRnJcKCr5HyMvx2sB5ZvgntcyQI=,1Xryeg71oBojTdtyql1LVJyy29M=
18,-45,gRnJcKCr5HyMvx2sB5ZvgntcyQI=,oSmHsYpYE1MV0mUNCzJE3v2ceFs=
16,-44,gRnJcKCr5HyMvx2sB5ZvgntcyQI=,NzlY1Hq1wDBeUtPs4qLqi1AVMg0=
17,-40,gRnJcKCr5HyMvx2sB5ZvgntcyQI=,jdw8fL4RltDiTT9/vEBWWB+FLcY=
16,-40,gRnJcKCr5HyMvx2sB5ZvgntcyQI=,jdw8fL4RltDiTT9/vEBWWB+FLcY=
20,-40,gRnJcKCr5HyMvx2sB5ZvgntcyQI=,SDzwD/AwV0PoTWqQOyJ7u8xuqHM=
20,-37,gRnJcKCr5HyMvx2sB5ZvgntcyQI=,SDzwD/AwV0PoTWqQOyJ7u8xuqHM=
20,-41,gRnJcKCr5HyMvx2sB5ZvgntcyQI=,1Xryeg71oBojTdtyql1LVJyy29M=
16,-38,gRnJcKCr5HyMvx2sB5ZvgntcyQI=,jdw8fL4RltDiTT9/vEBWWB+FLcY=
17,-39,gRnJcKCr5HyMvx2sB5ZvgntcyQI=,jdw8fL4RltDiTT9/vEBWWB+FLcY=
18,-38,gRnJcKCr5HyMvx2sB5ZvgntcyQI=,jdw8fL4RltDiTT9/vEBWWB+FLcY=
19,-36,gRnJcKCr5HyMvx2sB5ZvgntcyQI=,iikpJ2aUgyCJbcHWrZoggEW/HLY=
17,-41,gRnJcKCr5HyMvx2sB5ZvgntcyQI=,NzlY1Hq1wDBeUtPs4qLqi1AVMg0=
17,-36,gRnJcKCr5HyMvx2sB5ZvgntcyQI=,iikpJ2aUgyCJbcHWrZoggEW/HLY=
18,-36,gRnJcKCr5HyMvx2sB5ZvgntcyQI=,iikpJ2aUgyCJbcHWrZoggEW/HLY=
16,-41,gRnJcKCr5HyMvx2sB5ZvgntcyQI=,NzlY1Hq1wDBeUtPs4qLqi1AVMg0=
19,-37,gRnJcKCr5HyMvx2sB5ZvgntcyQI=,jdw8fL4RltDiTT9/vEBWWB+FLcY=
18,-37,gRnJcKCr5HyMvx2sB5ZvgntcyQI=,jdw8fL4RltDiTT9/vEBWWB+FLcY=
18,-40,gRnJcKCr5HyMvx2sB5ZvgntcyQI=,jdw8fL4RltDiTT9/vEBWWB+FLcY=
16,-39,gRnJcKCr5HyMvx2sB5ZvgntcyQI=,jdw8fL4RltDiTT9/vEBWWB+FLcY=
16,-37,gRnJcKCr5HyMvx2sB5ZvgntcyQI=,jdw8fL4RltDiTT9/vEBWWB+FLcY=
16,-36,gRnJcKCr5HyMvx2sB5ZvgntcyQI=,iikpJ2aUgyCJbcHWrZoggEW/HLY=
19,-38,gRnJcKCr5HyMvx2sB5ZvgntcyQI=,jdw8fL4RltDiTT9/vEBWWB+FLcY=
18,-41,gRnJcKCr5HyMvx2sB5ZvgntcyQI=,NzlY1Hq1wDBeUtPs4qLqi1AVMg0=
19,-41,gRnJcKCr5HyMvx2sB5ZvgntcyQI=,NzlY1Hq1wDBeUtPs4qLqi1AVMg0=
18,-39,gRnJcKCr5HyMvx2sB5ZvgntcyQI=,jdw8fL4RltDiTT9/vEBWWB+FLcY=
19,-40,gRnJcKCr5HyMvx2sB5ZvgntcyQI=,jdw8fL4RltDiTT9/vEBWWB+FLcY=
17,-38,gRnJcKCr5HyMvx2sB5ZvgntcyQI=,jdw8fL4RltDiTT9/vEBWWB+FLcY=
17,-37,gRnJcKCr5HyMvx2sB5ZvgntcyQI=,jdw8fL4RltDiTT9/vEBWWB+FLcY=
20,-38,gRnJcKCr5HyMvx2sB5ZvgntcyQI=,SDzwD/AwV0PoTWqQOyJ7u8xuqHM=
20,-39,gRnJcKCr5HyMvx2sB5ZvgntcyQI=,SDzwD/AwV0PoTWqQOyJ7u8xuqHM=
19,-39,gRnJcKCr5HyMvx2sB5ZvgntcyQI=,jdw8fL4RltDiTT9/vEBWWB+FLcY=
12,-40,LfRhnxePNiwolUUAysuU3jQw79U=,rXMYly1NA4aRLT/eiz5kwWmjdqE=
13,-39,LfRhnxePNiwolUUAysuU3jQw79U=,rXMYly1NA4aRLT/eiz5kwWmjdqE=
13,-38,LfRhnxePNiwolUUAysuU3jQw79U=,rXMYly1NA4aRLT/eiz5kwWmjdqE=
12,-38,LfRhnxePNiwolUUAysuU3jQw79U=,rXMYly1NA4aRLT/eiz5kwWmjdqE=
12,-39,LfRhnxePNiwolUUAysuU3jQw79U=,rXMYly1NA4aRLT/eiz5kwWmjdqE=
12,-41,LfRhnxePNiwolUUAysuU3jQw79U=,lGQxtSfIk/cq1sWdeiYUXRMgruM=
13,-44,LfRhnxePNiwolUUAysuU3jQw79U=,lGQxtSfIk/cq1sWdeiYUXRMgruM=
12,-42,LfRhnxePNiwolUUAysuU3jQw79U=,lGQxtSfIk/cq1sWdeiYUXRMgruM=
13,-43,LfRhnxePNiwolUUAysuU3jQw79U=,lGQxtSfIk/cq1sWdeiYUXRMgruM=
13,-41,LfRhnxePNiwolUUAysuU3jQw79U=,lGQxtSfIk/cq1sWdeiYUXRMgruM=
12,-43,LfRhnxePNiwolUUAysuU3jQw79U=,lGQxtSfIk/cq1sWdeiYUXRMgruM=
14,-44,LfRhnxePNiwolUUAysuU3jQw79U=,lGQxtSfIk/cq1sWdeiYUXRMgruM=
12,-44,LfRhnxePNiwolUUAysuU3jQw79U=,lGQxtSfIk/cq1sWdeiYUXRMgruM=
14,-39,LfRhnxePNiwolUUAysuU3jQw79U=,rXMYly1NA4aRLT/eiz5kwWmjdqE=
13,-42,LfRhnxePNiwolUUAysuU3jQw79U=,lGQxtSfIk/cq1sWdeiYUXRMgruM=
14,-38,LfRhnxePNiwolUUAysuU3jQw79U=,rXMYly1NA4aRLT/eiz5kwWmjdqE=
13,-40,LfRhnxePNiwolUUAysuU3jQw79U=,rXMYly1NA4aRLT/eiz5kwWmjdqE=
15,-41,LfRhnxePNiwolUUAysuU3jQw79U=,lGQxtSfIk/cq1sWdeiYUXRMgruM=
15,-40,LfRhnxePNiwolUUAysuU3jQw79U=,rXMYly1NA4aRLT/eiz5kwWmjdqE=
15,-42,LfRhnxePNiwolUUAysuU3jQw79U=,lGQxtSfIk/cq1sWdeiYUXRMgruM=
15,-39,LfRhnxePNiwolUUAysuU3jQw79U=,rXMYly1NA4aRLT/eiz5kwWmjdqE=
15,-38,LfRhnxePNiwolUUAysuU3jQw79U=,rXMYly1NA4aRLT/eiz5kwWmjdqE=
14,-43,LfRhnxePNiwolUUAysuU3jQw79U=,lGQxtSfIk/cq1sWdeiYUXRMgruM=
14,-40,LfRhnxePNiwolUUAysuU3jQw79U=,rXMYly1NA4aRLT/eiz5kwWmjdqE=
15,-43,LfRhnxePNiwolUUAysuU3jQw79U=,lGQxtSfIk/cq1sWdeiYUXRMgruM=
14,-41,LfRhnxePNiwolUUAysuU3jQw79U=,lGQxtSfIk/cq1sWdeiYUXRMgruM=
15,-44,LfRhnxePNiwolUUAysuU3jQw79U=,lGQxtSfIk/cq1sWdeiYUXRMgruM=
14,-42,LfRhnxePNiwolUUAysuU3jQw79U=,lGQxtSfIk/cq1sWdeiYUXRMgruM=
12,-34,LfRhnxePNiwolUUAysuU3jQw79U=,834s7Qy5ckFqDEoc2aH6nIAEFrE=
12,-37,LfRhnxePNiwolUUAysuU3jQw79U=,rXMYly1NA4aRLT/eiz5kwWmjdqE=
13,-37,LfRhnxePNiwolUUAysuU3jQw79U=,rXMYly1NA4aRLT/eiz5kwWmjdqE=
12,-35,LfRhnxePNiwolUUAysuU3jQw79U=,834s7Qy5ckFqDEoc2aH6nIAEFrE=
12,-36,LfRhnxePNiwolUUAysuU3jQw79U=,834s7Qy5ckFqDEoc2aH6nIAEFrE=
13,-35,LfRhnxePNiwolUUAysuU3jQw79U=,834s7Qy5ckFqDEoc2aH6nIAEFrE=
14,-37,LfRhnxePNiwolUUAysuU3jQw79U=,rXMYly1NA4aRLT/eiz5kwWmjdqE=
13,-36,LfRhnxePNiwolUUAysuU3jQw79U=,834s7Qy5ckFqDEoc2aH6nIAEFrE=
12,-33,LfRhnxePNiwolUUAysuU3jQw79U=,834s7Qy5ckFqDEoc2aH6nIAEFrE=
14,-36,LfRhnxePNiwolUUAysuU3jQw79U=,834s7Qy5ckFqDEoc2aH6nIAEFrE=
14,-33,LfRhnxePNiwolUUAysuU3jQw79U=,834s7Qy5ckFqDEoc2aH6nIAEFrE=
14,-34,LfRhnxePNiwolUUAysuU3jQw79U=,834s7Qy5ckFqDEoc2aH6nIAEFrE=
14,-35,LfRhnxePNiwolUUAysuU3jQw79U=,834s7Qy5ckFqDEoc2aH6nIAEFrE=
13,-33,LfRhnxePNiwolUUAysuU3jQw79U=,834s7Qy5ckFqDEoc2aH6nIAEFrE=
15,-37,LfRhnxePNiwolUUAysuU3jQw79U=,rXMYly1NA4aRLT/eiz5kwWmjdqE=
15,-33,LfRhnxePNiwolUUAysuU3jQw79U=,834s7Qy5ckFqDEoc2aH6nIAEFrE=
15,-34,LfRhnxePNiwolUUAysuU3jQw79U=,834s7Qy5ckFqDEoc2aH6nIAEFrE=
15,-36,LfRhnxePNiwolUUAysuU3jQw79U=,834s7Qy5ckFqDEoc2aH6nIAEFrE=
15,-35,LfRhnxePNiwolUUAysuU3jQw79U=,834s7Qy5ckFqDEoc2aH6nIAEFrE=
13,-34,LfRhnxePNiwolUUAysuU3jQw79U=,834s7Qy5ckFqDEoc2aH6nIAEFrE=
