-11,-80,eYdczS+bb4e2kQnJr/rhCqrfz5E=,CCKZUtd0u9win+DK4kGPK6R86bk=
-10,-77,eYdczS+bb4e2kQnJr/rhCqrfz5E=,CCKZUtd0u9win+DK4kGPK6R86bk=
-11,-78,kQLM0prHlzbIHuwU9ridzunXZRc=,CCKZUtd0u9win+DK4kGPK6R86bk=
-13,-80,kQLM0prHlzbIHuwU9ridzunXZRc=,CCKZUtd0u9win+DK4kGPK6R86bk=
-11,-77,kQLM0prHlzbIHuwU9ridzunXZRc=,CCKZUtd0u9win+DK4kGPK6R86bk=
-12,-77,kQLM0prHlzbIHuwU9ridzunXZRc=,CCKZUtd0u9win+DK4kGPK6R86bk=
-13,-77,kQLM0prHlzbIHuwU9ridzunXZRc=,CCKZUtd0u9win+DK4kGPK6R86bk=
-14,-77,kQLM0prHlzbIHuwU9ridzunXZRc=,CCKZUtd0u9win+DK4kGPK6R86bk=
-11,-79,kQLM0prHlzbIHuwU9ridzunXZRc=,CCKZUtd0u9win+DK4kGPK6R86bk=
-12,-79,kQLM0prHlzbIHuwU9ridzunXZRc=,CCKZUtd0u9win+DK4kGPK6R86bk=
-15,-80,kQLM0prHlzbIHuwU9ridzunXZRc=,CCKZUtd0u9win+DK4kGPK6R86bk=
-2,-65,kQLM0prHlzbIHuwU9ridzunXZRc=,CCKZUtd0u9win+DK4kGPK6R86bk=
-12,-78,kQLM0prHlzbIHuwU9ridzunXZRc=,CCKZUtd0u9win+DK4kGPK6R86bk=
-1,-65,kQLM0prHlzbIHuwU9ridzunXZRc=,CCKZUtd0u9win+DK4kGPK6R86bk=
-4,-65,kQLM0prHlzbIHuwU9ridzunXZRc=,CCKZUtd0u9win+DK4kGPK6R86bk=
-5,-65,kQLM0prHlzbIHuwU9ridzunXZRc=,CCKZUtd0u9win+DK4kGPK6R86bk=
-6,-65,kQLM0prHlzbIHuwU9ridzunXZRc=,CCKZUtd0u9win+DK4kGPK6R86bk=
-3,-65,kQLM0prHlzbIHuwU9ridzunXZRc=,CCKZUtd0u9win+DK4kGPK6R86bk=
-11,-65,kQLM0prHlzbIHuwU9ridzunXZRc=,CCKZUtd0u9win+DK4kGPK6R86bk=
-13,-65,kQLM0prHlzbIHuwU9ridzunXZRc=,CCKZUtd0u9win+DK4kGPK6R86bk=
-12,-65,kQLM0prHlzbIHuwU9ridzunXZRc=,CCKZUtd0u9win+DK4kGPK6R86bk=
-15,-65,kQLM0prHlzbIHuwU9ridzunXZRc=,CCKZUtd0u9win+DK4kGPK6R86bk=
-14,-65,kQLM0prHlzbIHuwU9ridzunXZRc=,CCKZUtd0u9win+DK4kGPK6R86bk=
-15,-77,kQLM0prHlzbIHuwU9ridzunXZRc=,CCKZUtd0u9win+DK4kGPK6R86bk=
-16,-65,kQLM0prHlzbIHuwU9ridzunXZRc=,CCKZUtd0u9win+DK4kGPK6R86bk=
-12,-80,kQLM0prHlzbIHuwU9ridzunXZRc=,CCKZUtd0u9win+DK4kGPK6R86bk=
-13,-78,kQLM0prHlzbIHuwU9ridzunXZRc=,CCKZUtd0u9win+DK4kGPK6R86bk=
-4,-66,kQLM0prHlzbIHuwU9ridzunXZRc=,CCKZUtd0u9win+DK4kGPK6R86bk=
-3,-66,kQLM0prHlzbIHuwU9ridzunXZRc=,CCKZUtd0u9win+DK4kGPK6R86bk=
-1,-66,kQLM0prHlzbIHuwU9ridzunXZRc=,CCKZUtd0u9win+DK4kGPK6R86bk=
-5,-66,kQLM0prHlzbIHuwU9ridzunXZRc=,CCKZUtd0u9win+DK4kGPK6R86bk=
-2,-66,kQLM0prHlzbIHuwU9ridzunXZRc=,CCKZUtd0u9win+DK4kGPK6R86bk=
-7,-66,kQLM0prHlzbIHuwU9ridzunXZRc=,CCKZUtd0u9win+DK4kGPK6R86bk=
-9,-66,kQLM0prHlzbIHuwU9ridzunXZRc=,CCKZUtd0u9win+DK4kGPK6R86bk=
-10,-66,kQLM0prHlzbIHuwU9ridzunXZRc=,CCKZUtd0u9win+DK4kGPK6R86bk=
-11,-66,kQLM0prHlzbIHuwU9ridzunXZRc=,CCKZUtd0u9win+DK4kGPK6R86bk=
-6,-66,kQLM0prHlzbIHuwU9ridzunXZRc=,CCKZUtd0u9win+DK4kGPK6R86bk=
-12,-66,kQLM0prHlzbIHuwU9ridzunXZRc=,CCKZUtd0u9win+DK4kGPK6R86bk=
-13,-66,kQLM0prHlzbIHuwU9ridzunXZRc=,CCKZUtd0u9win+DK4kGPK6R86bk=
-14,-78,kQLM0prHlzbIHuwU9ridzunXZRc=,CCKZUtd0u9win+DK4kGPK6R86bk=
-15,-66,kQLM0prHlzbIHuwU9ridzunXZRc=,CCKZUtd0u9win+DK4kGPK6R86bk=
-16,-66,kQLM0prHlzbIHuwU9ridzunXZRc=,CCKZUtd0u9win+DK4kGPK6R86bk=
-2,-67,kQLM0prHlzbIHuwU9ridzunXZRc=,CCKZUtd0u9win+DK4kGPK6R86bk=
-1,-67,kQLM0prHlzbIHuwU9ridzunXZRc=,CCKZUtd0u9win+DK4kGPK6R86bk=
-14,-66,kQLM0prHlzbIHuwU9ridzunXZRc=,CCKZUtd0u9win+DK4kGPK6R86bk=
-4,-67,kQLM0prHlzbIHuwU9ridzunXZRc=,CCKZUtd0u9win+DK4kGPK6R86bk=
-3,-67,kQLM0prHlzbIHuwU9ridzunXZRc=,CCKZUtd0u9win+DK4kGPK6R86bk=
-13,-79,kQLM0prHlzbIHuwU9ridzunXZRc=,CCKZUtd0u9win+DK4kGPK6R86bk=
-6,-67,kQLM0prHlzbIHuwU9ridzunXZRc=,CCKZUtd0u9win+DK4kGPK6R86bk=
-5,-67,kQLM0prHlzbIHuwU9ridzunXZRc=,CCKZUtd0u9win+DK4kGPK6R86bk=
-7,-67,kQLM0prHlzbIHuwU9ridzunXZRc=,CCKZUtd0u9win+DK4kGPK6R86bk=
-13,-67,kQLM0prHlzbIHuwU9ridzunXZRc=,CCKZUtd0u9win+DK4kGPK6R86bk=
-14,-67,kQLM0prHlzbIHuwU9ridzunXZRc=,CCKZUtd0u9win+DK4kGPK6R86bk=
-12,-67,kQLM0prHlzbIHuwU9ridzunXZRc=,CCKZUtd0u9win+DK4kGPK6R86bk=
-11,-67,kQLM0prHlzbIHuwU9ridzunXZRc=,CCKZUtd0u9win+DK4kGPK6R86bk=
-15,-67,kQLM0prHlzbIHuwU9ridzunXZRc=,CCKZUtd0u9win+DK4kGPK6R86bk=
-14,-79,kQLM0prHlzbIHuwU9ridzunXZRc=,CCKZUtd0u9win+DK4kGPK6R86bk=
-16,-67,kQLM0prHlzbIHuwU9ridzunXZRc=,CCKZUtd0u9win+DK4kGPK6R86bk=
-15,-78,kQLM0prHlzbIHuwU9ridzunXZRc=,CCKZUtd0u9win+DK4kGPK6R86bk=
-1,-68,kQLM0prHlzbIHuwU9ridzunXZRc=,CCKZUtd0u9win+DK4kGPK6R86bk=
-3,-68,kQLM0prHlzbIHuwU9ridzunXZRc=,CCKZUtd0u9win+DK4kGPK6R86bk=
-4,-68,kQLM0prHlzbIHuwU9ridzunXZRc=,CCKZUtd0u9win+DK4kGPK6R86bk=
-2,-68,kQLM0prHlzbIHuwU9ridzunXZRc=,CCKZUtd0u9win+DK4kGPK6R86bk=
-7,-68,kQLM0prHlzbIHuwU9ridzunXZRc=,CCKZUtd0u9win+DK4kGPK6R86bk=
-6,-68,kQLM0prHlzbIHuwU9ridzunXZRc=,CCKZUtd0u9win+DK4kGPK6R86bk=
-5,-68,kQLM0prHlzbIHuwU9ridzunXZRc=,CCKZUtd0u9win+DK4kGPK6R86bk=
-9,-68,kQLM0prHlzbIHuwU9ridzunXZRc=,CCKZUtd0u9win+DK4kGPK6R86bk=
-11,-68,kQLM0prHlzbIHuwU9ridzunXZRc=,CCKZUtd0u9win+DK4kGPK6R86bk=
-12,-68,kQLM0prHlzbIHuwU9ridzunXZRc=,CCKZUtd0u9win+DK4kGPK6R86bk=
-13,-68,kQLM0prHlzbIHuwU9ridzunXZRc=,CCKZUtd0u9win+DK4kGPK6R86bk=
-14,-68,kQLM0prHlzbIHuwU9ridzunXZRc=,CCKZUtd0u9win+DK4kGPK6R86bk=
-15,-68,kQLM0prHlzbIHuwU9ridzunXZRc=,CCKZUtd0u9win+DK4kGPK6R86bk=
-15,-79,kQLM0prHlzbIHuwU9ridzunXZRc=,CCKZUtd0u9win+DK4kGPK6R86bk=
-16,-68,kQLM0prHlzbIHuwU9ridzunXZRc=,CCKZUtd0u9win+DK4kGPK6R86bk=
-16,-79,kQLM0prHlzbIHuwU9ridzunXZRc=,CCKZUtd0u9win+DK4kGPK6R86bk=
-16,-77,kQLM0prHlzbIHuwU9ridzunXZRc=,CCKZUtd0u9win+DK4kGPK6R86bk=
-1,-80,kQLM0prHlzbIHuwU9ridzunXZRc=,CCKZUtd0u9win+DK4kGPK6R86bk=
-2,-80,kQLM0prHlzbIHuwU9ridzunXZRc=,CCKZUtd0u9win+DK4kGPK6R86bk=
-14,-80,kQLM0prHlzbIHuwU9ridzunXZRc=,CCKZUtd0u9win+DK4kGPK6R86bk=
-1,-78,kQLM0prHlzbIHuwU9ridzunXZRc=,CCKZUtd0u9win+DK4kGPK6R86bk=
-16,-78,kQLM0prHlzbIHuwU9ridzunXZRc=,CCKZUtd0u9win+DK4kGPK6R86bk=
-2,-79,kQLM0prHlzbIHuwU9ridzunXZRc=,CCKZUtd0u9win+DK4kGPK6R86bk=
-1,-79,kQLM0prHlzbIHuwU9ridzunXZRc=,CCKZUtd0u9win+DK4kGPK6R86bk=
-1,-69,kQLM0prHlzbIHuwU9ridzunXZRc=,CCKZUtd0u9win+DK4kGPK6R86bk=
-2,-69,kQLM0prHlzbIHuwU9ridzunXZRc=,CCKZUtd0u9win+DK4kGPK6R86bk=
-3,-69,kQLM0prHlzbIHuwU9ridzunXZRc=,CCKZUtd0u9win+DK4kGPK6R86bk=
-5,-69,kQLM0prHlzbIHuwU9ridzunXZRc=,CCKZUtd0u9win+DK4kGPK6R86bk=
-4,-69,kQLM0prHlzbIHuwU9ridzunXZRc=,CCKZUtd0u9win+DK4kGPK6R86bk=
-10,-78,kQLM0prHlzbIHuwU9ridzunXZRc=,CCKZUtd0u9win+DK4kGPK6R86bk=
-9,-65,kQLM0prHlzbIHuwU9ridzunXZRc=,CCKZUtd0u9win+DK4kGPK6R86bk=
-10,-65,kQLM0prHlzbIHuwU9ridzunXZRc=,CCKZUtd0u9win+DK4kGPK6R86bk=
-10,-67,kQLM0prHlzbIHuwU9ridzunXZRc=,CCKZUtd0u9win+DK4kGPK6R86bk=
-9,-67,kQLM0prHlzbIHuwU9ridzunXZRc=,CCKZUtd0u9win+DK4kGPK6R86bk=
-12,-69,kQLM0prHlzbIHuwU9ridzunXZRc=,CCKZUtd0u9win+DK4kGPK6R86bk=
-13,-69,kQLM0prHlzbIHuwU9ridzunXZRc=,CCKZUtd0u9win+DK4kGPK6R86bk=
-15,-69,kQLM0prHlzbIHuwU9ridzunXZRc=,CCKZUtd0u9win+DK4kGPK6R86bk=
-14,-69,kQLM0prHlzbIHuwU9ridzunXZRc=,CCKZUtd0u9win+DK4kGPK6R86bk=
-16,-69,kQLM0prHlzbIHuwU9ridzunXZRc=,CCKZUtd0u9win+DK4kGPK6R86bk=
-2,-78,kQLM0prHlzbIHuwU9ridzunXZRc=,CCKZUtd0u9win+DK4kGPK6R86bk=
-3,-80,kQLM0prHlzbIHuwU9ridzunXZRc=,CCKZUtd0u9win+DK4kGPK6R86bk=
-3,-79,kQLM0prHlzbIHuwU9ridzunXZRc=,CCKZUtd0u9win+DK4kGPK6R86bk=
-1,-70,kQLM0prHlzbIHuwU9ridzunXZRc=,CCKZUtd0u9win+DK4kGPK6R86bk=
-2,-70,kQLM0prHlzbIHuwU9ridzunXZRc=,CCKZUtd0u9win+DK4kGPK6R86bk=
-3,-70,kQLM0prHlzbIHuwU9ridzunXZRc=,CCKZUtd0u9win+DK4kGPK6R86bk=
-4,-70,kQLM0prHlzbIHuwU9ridzunXZRc=,CCKZUtd0u9win+DK4kGPK6R86bk=
-5,-70,kQLM0prHlzbIHuwU9ridzunXZRc=,CCKZUtd0u9win+DK4kGPK6R86bk=
-8,-66,kQLM0prHlzbIHuwU9ridzunXZRc=,CCKZUtd0u9win+DK4kGPK6R86bk=
-9,-77,kQLM0prHlzbIHuwU9ridzunXZRc=,CCKZUtd0u9win+DK4kGPK6R86bk=
-8,-67,kQLM0prHlzbIHuwU9ridzunXZRc=,CCKZUtd0u9win+DK4kGPK6R86bk=
-10,-69,kQLM0prHlzbIHuwU9ridzunXZRc=,CCKZUtd0u9win+DK4kGPK6R86bk=
-10,-68,kQLM0prHlzbIHuwU9ridzunXZRc=,CCKZUtd0u9win+DK4kGPK6R86bk=
-11,-69,kQLM0prHlzbIHuwU9ridzunXZRc=,CCKZUtd0u9win+DK4kGPK6R86bk=
-11,-70,kQLM0prHlzbIHuwU9ridzunXZRc=,CCKZUtd0u9win+DK4kGPK6R86bk=
-12,-70,kQLM0prHlzbIHuwU9ridzunXZRc=,CCKZUtd0u9win+DK4kGPK6R86bk=
-13,-70,kQLM0prHlzbIHuwU9ridzunXZRc=,CCKZUtd0u9win+DK4kGPK6R86bk=
-14,-70,kQLM0prHlzbIHuwU9ridzunXZRc=,CCKZUtd0u9win+DK4kGPK6R86bk=
-15,-70,kQLM0prHlzbIHuwU9ridzunXZRc=,CCKZUtd0u9win+DK4kGPK6R86bk=
-4,-80,kQLM0prHlzbIHuwU9ridzunXZRc=,CCKZUtd0u9win+DK4kGPK6R86bk=
-16,-70,kQLM0prHlzbIHuwU9ridzunXZRc=,CCKZUtd0u9win+DK4kGPK6R86bk=
-3,-78,kQLM0prHlzbIHuwU9ridzunXZRc=,CCKZUtd0u9win+DK4kGPK6R86bk=
-1,-71,kQLM0prHlzbIHuwU9ridzunXZRc=,CCKZUtd0u9win+DK4kGPK6R86bk=
-4,-79,kQLM0prHlzbIHuwU9ridzunXZRc=,CCKZUtd0u9win+DK4kGPK6R86bk=
-2,-71,kQLM0prHlzbIHuwU9ridzunXZRc=,CCKZUtd0u9win+DK4kGPK6R86bk=
-3,-71,kQLM0prHlzbIHuwU9ridzunXZRc=,CCKZUtd0u9win+DK4kGPK6R86bk=
-4,-71,kQLM0prHlzbIHuwU9ridzunXZRc=,CCKZUtd0u9win+DK4kGPK6R86bk=
-6,-71,kQLM0prHlzbIHuwU9ridzunXZRc=,CCKZUtd0u9win+DK4kGPK6R86bk=
-5,-71,kQLM0prHlzbIHuwU9ridzunXZRc=,CCKZUtd0u9win+DK4kGPK6R86bk=
-8,-68,kQLM0prHlzbIHuwU9ridzunXZRc=,CCKZUtd0u9win+DK4kGPK6R86bk=
-6,-70,kQLM0prHlzbIHuwU9ridzunXZRc=,CCKZUtd0u9win+DK4kGPK6R86bk=
-6,-69,kQLM0prHlzbIHuwU9ridzunXZRc=,CCKZUtd0u9win+DK4kGPK6R86bk=
-7,-70,kQLM0prHlzbIHuwU9ridzunXZRc=,CCKZUtd0u9win+DK4kGPK6R86bk=
-11,-71,kQLM0prHlzbIHuwU9ridzunXZRc=,CCKZUtd0u9win+DK4kGPK6R86bk=
-12,-71,kQLM0prHlzbIHuwU9ridzunXZRc=,CCKZUtd0u9win+DK4kGPK6R86bk=
-14,-71,kQLM0prHlzbIHuwU9ridzunXZRc=,CCKZUtd0u9win+DK4kGPK6R86bk=
-13,-71,kQLM0prHlzbIHuwU9ridzunXZRc=,CCKZUtd0u9win+DK4kGPK6R86bk=
-5,-80,kQLM0prHlzbIHuwU9ridzunXZRc=,CCKZUtd0u9win+DK4kGPK6R86bk=
-15,-71,kQLM0prHlzbIHuwU9ridzunXZRc=,CCKZUtd0u9win+DK4kGPK6R86bk=
-4,-78,kQLM0prHlzbIHuwU9ridzunXZRc=,CCKZUtd0u9win+DK4kGPK6R86bk=
-16,-71,kQLM0prHlzbIHuwU9ridzunXZRc=,CCKZUtd0u9win+DK4kGPK6R86bk=
-1,-72,kQLM0prHlzbIHuwU9ridzunXZRc=,CCKZUtd0u9win+DK4kGPK6R86bk=
-5,-79,kQLM0prHlzbIHuwU9ridzunXZRc=,CCKZUtd0u9win+DK4kGPK6R86bk=
-2,-72,kQLM0prHlzbIHuwU9ridzunXZRc=,CCKZUtd0u9win+DK4kGPK6R86bk=
-4,-72,kQLM0prHlzbIHuwU9ridzunXZRc=,CCKZUtd0u9win+DK4kGPK6R86bk=
-3,-72,kQLM0prHlzbIHuwU9ridzunXZRc=,CCKZUtd0u9win+DK4kGPK6R86bk=
-5,-72,kQLM0prHlzbIHuwU9ridzunXZRc=,CCKZUtd0u9win+DK4kGPK6R86bk=
-6,-72,kQLM0prHlzbIHuwU9ridzunXZRc=,CCKZUtd0u9win+DK4kGPK6R86bk=
-7,-72,kQLM0prHlzbIHuwU9ridzunXZRc=,CCKZUtd0u9win+DK4kGPK6R86bk=
-7,-65,kQLM0prHlzbIHuwU9ridzunXZRc=,CCKZUtd0u9win+DK4kGPK6R86bk=
-8,-72,kQLM0prHlzbIHuwU9ridzunXZRc=,CCKZUtd0u9win+DK4kGPK6R86bk=
-7,-69,kQLM0prHlzbIHuwU9ridzunXZRc=,CCKZUtd0u9win+DK4kGPK6R86bk=
-11,-72,kQLM0prHlzbIHuwU9ridzunXZRc=,CCKZUtd0u9win+DK4kGPK6R86bk=
-12,-72,kQLM0prHlzbIHuwU9ridzunXZRc=,CCKZUtd0u9win+DK4kGPK6R86bk=
-13,-72,kQLM0prHlzbIHuwU9ridzunXZRc=,CCKZUtd0u9win+DK4kGPK6R86bk=
-15,-72,kQLM0prHlzbIHuwU9ridzunXZRc=,CCKZUtd0u9win+DK4kGPK6R86bk=
-14,-72,kQLM0prHlzbIHuwU9ridzunXZRc=,CCKZUtd0u9win+DK4kGPK6R86bk=
-5,-78,kQLM0prHlzbIHuwU9ridzunXZRc=,CCKZUtd0u9win+DK4kGPK6R86bk=
-16,-72,kQLM0prHlzbIHuwU9ridzunXZRc=,CCKZUtd0u9win+DK4kGPK6R86bk=
-6,-80,kQLM0prHlzbIHuwU9ridzunXZRc=,CCKZUtd0u9win+DK4kGPK6R86bk=
-6,-79,kQLM0prHlzbIHuwU9ridzunXZRc=,CCKZUtd0u9win+DK4kGPK6R86bk=
-1,-73,kQLM0prHlzbIHuwU9ridzunXZRc=,CCKZUtd0u9win+DK4kGPK6R86bk=
-2,-73,kQLM0prHlzbIHuwU9ridzunXZRc=,CCKZUtd0u9win+DK4kGPK6R86bk=
-3,-73,kQLM0prHlzbIHuwU9ridzunXZRc=,CCKZUtd0u9win+DK4kGPK6R86bk=
-4,-73,kQLM0prHlzbIHuwU9ridzunXZRc=,CCKZUtd0u9win+DK4kGPK6R86bk=
-6,-73,kQLM0prHlzbIHuwU9ridzunXZRc=,CCKZUtd0u9win+DK4kGPK6R86bk=
-5,-73,kQLM0prHlzbIHuwU9ridzunXZRc=,CCKZUtd0u9win+DK4kGPK6R86bk=
-7,-73,kQLM0prHlzbIHuwU9ridzunXZRc=,CCKZUtd0u9win+DK4kGPK6R86bk=
-9,-73,kQLM0prHlzbIHuwU9ridzunXZRc=,CCKZUtd0u9win+DK4kGPK6R86bk=
-8,-65,kQLM0prHlzbIHuwU9ridzunXZRc=,CCKZUtd0u9win+DK4kGPK6R86bk=
-8,-73,kQLM0prHlzbIHuwU9ridzunXZRc=,CCKZUtd0u9win+DK4kGPK6R86bk=
-11,-73,kQLM0prHlzbIHuwU9ridzunXZRc=,CCKZUtd0u9win+DK4kGPK6R86bk=
-13,-73,kQLM0prHlzbIHuwU9ridzunXZRc=,CCKZUtd0u9win+DK4kGPK6R86bk=
-12,-73,kQLM0prHlzbIHuwU9ridzunXZRc=,CCKZUtd0u9win+DK4kGPK6R86bk=
-14,-73,kQLM0prHlzbIHuwU9ridzunXZRc=,CCKZUtd0u9win+DK4kGPK6R86bk=
-15,-73,kQLM0prHlzbIHuwU9ridzunXZRc=,CCKZUtd0u9win+DK4kGPK6R86bk=
-8,-69,kQLM0prHlzbIHuwU9ridzunXZRc=,CCKZUtd0u9win+DK4kGPK6R86bk=
-7,-80,kQLM0prHlzbIHuwU9ridzunXZRc=,CCKZUtd0u9win+DK4kGPK6R86bk=
-16,-73,kQLM0prHlzbIHuwU9ridzunXZRc=,CCKZUtd0u9win+DK4kGPK6R86bk=
-1,-74,kQLM0prHlzbIHuwU9ridzunXZRc=,CCKZUtd0u9win+DK4kGPK6R86bk=
-9,-69,kQLM0prHlzbIHuwU9ridzunXZRc=,CCKZUtd0u9win+DK4kGPK6R86bk=
-2,-74,kQLM0prHlzbIHuwU9ridzunXZRc=,CCKZUtd0u9win+DK4kGPK6R86bk=
-4,-74,kQLM0prHlzbIHuwU9ridzunXZRc=,CCKZUtd0u9win+DK4kGPK6R86bk=
-3,-74,kQLM0prHlzbIHuwU9ridzunXZRc=,CCKZUtd0u9win+DK4kGPK6R86bk=
-5,-74,kQLM0prHlzbIHuwU9ridzunXZRc=,CCKZUtd0u9win+DK4kGPK6R86bk=
-6,-74,kQLM0prHlzbIHuwU9ridzunXZRc=,CCKZUtd0u9win+DK4kGPK6R86bk=
-8,-77,kQLM0prHlzbIHuwU9ridzunXZRc=,CCKZUtd0u9win+DK4kGPK6R86bk=
-7,-74,kQLM0prHlzbIHuwU9ridzunXZRc=,CCKZUtd0u9win+DK4kGPK6R86bk=
-10,-73,kQLM0prHlzbIHuwU9ridzunXZRc=,CCKZUtd0u9win+DK4kGPK6R86bk=
-9,-74,kQLM0prHlzbIHuwU9ridzunXZRc=,CCKZUtd0u9win+DK4kGPK6R86bk=
-8,-70,kQLM0prHlzbIHuwU9ridzunXZRc=,CCKZUtd0u9win+DK4kGPK6R86bk=
-7,-79,kQLM0prHlzbIHuwU9ridzunXZRc=,CCKZUtd0u9win+DK4kGPK6R86bk=
-7,-71,kQLM0prHlzbIHuwU9ridzunXZRc=,CCKZUtd0u9win+DK4kGPK6R86bk=
-13,-74,kQLM0prHlzbIHuwU9ridzunXZRc=,CCKZUtd0u9win+DK4kGPK6R86bk=
-14,-74,kQLM0prHlzbIHuwU9ridzunXZRc=,CCKZUtd0u9win+DK4kGPK6R86bk=
-15,-74,kQLM0prHlzbIHuwU9ridzunXZRc=,CCKZUtd0u9win+DK4kGPK6R86bk=
-10,-71,kQLM0prHlzbIHuwU9ridzunXZRc=,CCKZUtd0u9win+DK4kGPK6R86bk=
-16,-74,kQLM0prHlzbIHuwU9ridzunXZRc=,CCKZUtd0u9win+DK4kGPK6R86bk=
-6,-78,kQLM0prHlzbIHuwU9ridzunXZRc=,CCKZUtd0u9win+DK4kGPK6R86bk=
-1,-75,kQLM0prHlzbIHuwU9ridzunXZRc=,CCKZUtd0u9win+DK4kGPK6R86bk=
-12,-74,kQLM0prHlzbIHuwU9ridzunXZRc=,CCKZUtd0u9win+DK4kGPK6R86bk=
-3,-75,kQLM0prHlzbIHuwU9ridzunXZRc=,CCKZUtd0u9win+DK4kGPK6R86bk=
-2,-75,kQLM0prHlzbIHuwU9ridzunXZRc=,CCKZUtd0u9win+DK4kGPK6R86bk=
-4,-75,kQLM0prHlzbIHuwU9ridzunXZRc=,CCKZUtd0u9win+DK4kGPK6R86bk=
-5,-75,kQLM0prHlzbIHuwU9ridzunXZRc=,CCKZUtd0u9win+DK4kGPK6R86bk=
-7,-75,kQLM0prHlzbIHuwU9ridzunXZRc=,CCKZUtd0u9win+DK4kGPK6R86bk=
-6,-75,kQLM0prHlzbIHuwU9ridzunXZRc=,CCKZUtd0u9win+DK4kGPK6R86bk=
-9,-75,kQLM0prHlzbIHuwU9ridzunXZRc=,CCKZUtd0u9win+DK4kGPK6R86bk=
-8,-75,kQLM0prHlzbIHuwU9ridzunXZRc=,CCKZUtd0u9win+DK4kGPK6R86bk=
-11,-74,kQLM0prHlzbIHuwU9ridzunXZRc=,CCKZUtd0u9win+DK4kGPK6R86bk=
-10,-74,kQLM0prHlzbIHuwU9ridzunXZRc=,CCKZUtd0u9win+DK4kGPK6R86bk=
-16,-80,kQLM0prHlzbIHuwU9ridzunXZRc=,CCKZUtd0u9win+DK4kGPK6R86bk=
-8,-74,kQLM0prHlzbIHuwU9ridzunXZRc=,CCKZUtd0u9win+DK4kGPK6R86bk=
-13,-75,kQLM0prHlzbIHuwU9ridzunXZRc=,CCKZUtd0u9win+DK4kGPK6R86bk=
-14,-75,kQLM0prHlzbIHuwU9ridzunXZRc=,CCKZUtd0u9win+DK4kGPK6R86bk=
-15,-75,kQLM0prHlzbIHuwU9ridzunXZRc=,CCKZUtd0u9win+DK4kGPK6R86bk=
-10,-70,kQLM0prHlzbIHuwU9ridzunXZRc=,CCKZUtd0u9win+DK4kGPK6R86bk=
-8,-71,kQLM0prHlzbIHuwU9ridzunXZRc=,CCKZUtd0u9win+DK4kGPK6R86bk=
-16,-75,kQLM0prHlzbIHuwU9ridzunXZRc=,CCKZUtd0u9win+DK4kGPK6R86bk=
-9,-80,kQLM0prHlzbIHuwU9ridzunXZRc=,CCKZUtd0u9win+DK4kGPK6R86bk=
-1,-76,kQLM0prHlzbIHuwU9ridzunXZRc=,CCKZUtd0u9win+DK4kGPK6R86bk=
-2,-76,kQLM0prHlzbIHuwU9ridzunXZRc=,CCKZUtd0u9win+DK4kGPK6R86bk=
-3,-76,kQLM0prHlzbIHuwU9ridzunXZRc=,CCKZUtd0u9win+DK4kGPK6R86bk=
-5,-76,kQLM0prHlzbIHuwU9ridzunXZRc=,CCKZUtd0u9win+DK4kGPK6R86bk=
-4,-76,kQLM0prHlzbIHuwU9ridzunXZRc=,CCKZUtd0u9win+DK4kGPK6R86bk=
-6,-76,kQLM0prHlzbIHuwU9ridzunXZRc=,CCKZUtd0u9win+DK4kGPK6R86bk=
-7,-76,kQLM0prHlzbIHuwU9ridzunXZRc=,CCKZUtd0u9win+DK4kGPK6R86bk=
-11,-75,kQLM0prHlzbIHuwU9ridzunXZRc=,CCKZUtd0u9win+DK4kGPK6R86bk=
-10,-75,kQLM0prHlzbIHuwU9ridzunXZRc=,CCKZUtd0u9win+DK4kGPK6R86bk=
-7,-77,kQLM0prHlzbIHuwU9ridzunXZRc=,CCKZUtd0u9win+DK4kGPK6R86bk=
-8,-76,kQLM0prHlzbIHuwU9ridzunXZRc=,CCKZUtd0u9win+DK4kGPK6R86bk=
-10,-76,kQLM0prHlzbIHuwU9ridzunXZRc=,CCKZUtd0u9win+DK4kGPK6R86bk=
-11,-76,kQLM0prHlzbIHuwU9ridzunXZRc=,CCKZUtd0u9win+DK4kGPK6R86bk=
-13,-76,kQLM0prHlzbIHuwU9ridzunXZRc=,CCKZUtd0u9win+DK4kGPK6R86bk=
-14,-76,kQLM0prHlzbIHuwU9ridzunXZRc=,CCKZUtd0u9win+DK4kGPK6R86bk=
-12,-76,kQLM0prHlzbIHuwU9ridzunXZRc=,CCKZUtd0u9win+DK4kGPK6R86bk=
-15,-76,kQLM0prHlzbIHuwU9ridzunXZRc=,CCKZUtd0u9win+DK4kGPK6R86bk=
-9,-76,kQLM0prHlzbIHuwU9ridzunXZRc=,CCKZUtd0u9win+DK4kGPK6R86bk=
-16,-76,kQLM0prHlzbIHuwU9ridzunXZRc=,CCKZUtd0u9win+DK4kGPK6R86bk=
-10,-79,kQLM0prHlzbIHuwU9ridzunXZRc=,CCKZUtd0u9win+DK4kGPK6R86bk=
-1,-77,kQLM0prHlzbIHuwU9ridzunXZRc=,CCKZUtd0u9win+DK4kGPK6R86bk=
-2,-77,kQLM0prHlzbIHuwU9ridzunXZRc=,CCKZUtd0u9win+DK4kGPK6R86bk=
-4,-77,kQLM0prHlzbIHuwU9ridzunXZRc=,CCKZUtd0u9win+DK4kGPK6R86bk=
-3,-77,kQLM0prHlzbIHuwU9ridzunXZRc=,CCKZUtd0u9win+DK4kGPK6R86bk=
-5,-77,kQLM0prHlzbIHuwU9ridzunXZRc=,CCKZUtd0u9win+DK4kGPK6R86bk=
-12,-75,kQLM0prHlzbIHuwU9ridzunXZRc=,CCKZUtd0u9win+DK4kGPK6R86bk=
-8,-78,kQLM0prHlzbIHuwU9ridzunXZRc=,CCKZUtd0u9win+DK4kGPK6R86bk=
-10,-80,kQLM0prHlzbIHuwU9ridzunXZRc=,CCKZUtd0u9win+DK4kGPK6R86bk=
-7,-78,kQLM0prHlzbIHuwU9ridzunXZRc=,CCKZUtd0u9win+DK4kGPK6R86bk=
-8,-79,kQLM0prHlzbIHuwU9ridzunXZRc=,CCKZUtd0u9win+DK4kGPK6R86bk=
-9,-78,kQLM0prHlzbIHuwU9ridzunXZRc=,CCKZUtd0u9win+DK4kGPK6R86bk=
-9,-72,kQLM0prHlzbIHuwU9ridzunXZRc=,CCKZUtd0u9win+DK4kGPK6R86bk=
-8,-80,kQLM0prHlzbIHuwU9ridzunXZRc=,CCKZUtd0u9win+DK4kGPK6R86bk=
-9,-71,kQLM0prHlzbIHuwU9ridzunXZRc=,CCKZUtd0u9win+DK4kGPK6R86bk=
-6,-77,kQLM0prHlzbIHuwU9ridzunXZRc=,CCKZUtd0u9win+DK4kGPK6R86bk=
-9,-70,kQLM0prHlzbIHuwU9ridzunXZRc=,CCKZUtd0u9win+DK4kGPK6R86bk=
-9,-79,kQLM0prHlzbIHuwU9ridzunXZRc=,CCKZUtd0u9win+DK4kGPK6R86bk=
-10,-72,kQLM0prHlzbIHuwU9ridzunXZRc=,CCKZUtd0u9win+DK4kGPK6R86bk=
-11,-96,kQLM0prHlzbIHuwU9ridzunXZRc=,omREb9OUUCcnOQ+53ujqlp4vjgI=
-11,-93,kQLM0prHlzbIHuwU9ridzunXZRc=,omREb9OUUCcnOQ+53ujqlp4vjgI=
-11,-94,v+6rvMyr71YBlb8Rx1UZ7SjdODA=,omREb9OUUCcnOQ+53ujqlp4vjgI=
-13,-96,v+6rvMyr71YBlb8Rx1UZ7SjdODA=,omREb9OUUCcnOQ+53ujqlp4vjgI=
-12,-93,v+6rvMyr71YBlb8Rx1UZ7SjdODA=,omREb9OUUCcnOQ+53ujqlp4vjgI=
-11,-95,v+6rvMyr71YBlb8Rx1UZ7SjdODA=,omREb9OUUCcnOQ+53ujqlp4vjgI=
-13,-93,v+6rvMyr71YBlb8Rx1UZ7SjdODA=,omREb9OUUCcnOQ+53ujqlp4vjgI=
-15,-96,v+6rvMyr71YBlb8Rx1UZ7SjdODA=,omREb9OUUCcnOQ+53ujqlp4vjgI=
-14,-93,v+6rvMyr71YBlb8Rx1UZ7SjdODA=,omREb9OUUCcnOQ+53ujqlp4vjgI=
-12,-95,v+6rvMyr71YBlb8Rx1UZ7SjdODA=,omREb9OUUCcnOQ+53ujqlp4vjgI=
-12,-94,v+6rvMyr71YBlb8Rx1UZ7SjdODA=,omREb9OUUCcnOQ+53ujqlp4vjgI=
-1,-81,v+6rvMyr71YBlb8Rx1UZ7SjdODA=,omREb9OUUCcnOQ+53ujqlp4vjgI=
-2,-81,v+6rvMyr71YBlb8Rx1UZ7SjdODA=,omREb9OUUCcnOQ+53ujqlp4vjgI=
-3,-81,v+6rvMyr71YBlb8Rx1UZ7SjdODA=,omREb9OUUCcnOQ+53ujqlp4vjgI=
-4,-81,v+6rvMyr71YBlb8Rx1UZ7SjdODA=,omREb9OUUCcnOQ+53ujqlp4vjgI=
-5,-81,v+6rvMyr71YBlb8Rx1UZ7SjdODA=,omREb9OUUCcnOQ+53ujqlp4vjgI=
-6,-81,v+6rvMyr71YBlb8Rx1UZ7SjdODA=,omREb9OUUCcnOQ+53ujqlp4vjgI=
-10,-93,v+6rvMyr71YBlb8Rx1UZ7SjdODA=,omREb9OUUCcnOQ+53ujqlp4vjgI=
-10,-94,v+6rvMyr71YBlb8Rx1UZ7SjdODA=,omREb9OUUCcnOQ+53ujqlp4vjgI=
-1,-93,v+6rvMyr71YBlb8Rx1UZ7SjdODA=,omREb9OUUCcnOQ+53ujqlp4vjgI=
-10,-81,v+6rvMyr71YBlb8Rx1UZ7SjdODA=,omREb9OUUCcnOQ+53ujqlp4vjgI=
-11,-81,v+6rvMyr71YBlb8Rx1UZ7SjdODA=,omREb9OUUCcnOQ+53ujqlp4vjgI=
-9,-81,v+6rvMyr71YBlb8Rx1UZ7SjdODA=,omREb9OUUCcnOQ+53ujqlp4vjgI=
-13,-81,v+6rvMyr71YBlb8Rx1UZ7SjdODA=,omREb9OUUCcnOQ+53ujqlp4vjgI=
-14,-81,v+6rvMyr71YBlb8Rx1UZ7SjdODA=,omREb9OUUCcnOQ+53ujqlp4vjgI=
-15,-81,v+6rvMyr71YBlb8Rx1UZ7SjdODA=,omREb9OUUCcnOQ+53ujqlp4vjgI=
-12,-81,v+6rvMyr71YBlb8Rx1UZ7SjdODA=,omREb9OUUCcnOQ+53ujqlp4vjgI=
-12,-96,v+6rvMyr71YBlb8Rx1UZ7SjdODA=,omREb9OUUCcnOQ+53ujqlp4vjgI=
-16,-81,v+6rvMyr71YBlb8Rx1UZ7SjdODA=,omREb9OUUCcnOQ+53ujqlp4vjgI=
-1,-82,v+6rvMyr71YBlb8Rx1UZ7SjdODA=,omREb9OUUCcnOQ+53ujqlp4vjgI=
-13,-94,v+6rvMyr71YBlb8Rx1UZ7SjdODA=,omREb9OUUCcnOQ+53ujqlp4vjgI=
-2,-82,v+6rvMyr71YBlb8Rx1UZ7SjdODA=,omREb9OUUCcnOQ+53ujqlp4vjgI=
-15,-93,v+6rvMyr71YBlb8Rx1UZ7SjdODA=,omREb9OUUCcnOQ+53ujqlp4vjgI=
-4,-82,v+6rvMyr71YBlb8Rx1UZ7SjdODA=,omREb9OUUCcnOQ+53ujqlp4vjgI=
-5,-82,v+6rvMyr71YBlb8Rx1UZ7SjdODA=,omREb9OUUCcnOQ+53ujqlp4vjgI=
-16,-92,v+6rvMyr71YBlb8Rx1UZ7SjdODA=,omREb9OUUCcnOQ+53ujqlp4vjgI=
-10,-95,v+6rvMyr71YBlb8Rx1UZ7SjdODA=,omREb9OUUCcnOQ+53ujqlp4vjgI=
-3,-82,v+6rvMyr71YBlb8Rx1UZ7SjdODA=,omREb9OUUCcnOQ+53ujqlp4vjgI=
-4,-93,v+6rvMyr71YBlb8Rx1UZ7SjdODA=,omREb9OUUCcnOQ+53ujqlp4vjgI=
-5,-93,v+6rvMyr71YBlb8Rx1UZ7SjdODA=,omREb9OUUCcnOQ+53ujqlp4vjgI=
-6,-82,v+6rvMyr71YBlb8Rx1UZ7SjdODA=,omREb9OUUCcnOQ+53ujqlp4vjgI=
-7,-93,v+6rvMyr71YBlb8Rx1UZ7SjdODA=,omREb9OUUCcnOQ+53ujqlp4vjgI=
-11,-82,v+6rvMyr71YBlb8Rx1UZ7SjdODA=,omREb9OUUCcnOQ+53ujqlp4vjgI=
-12,-82,v+6rvMyr71YBlb8Rx1UZ7SjdODA=,omREb9OUUCcnOQ+53ujqlp4vjgI=
-13,-82,v+6rvMyr71YBlb8Rx1UZ7SjdODA=,omREb9OUUCcnOQ+53ujqlp4vjgI=
-15,-82,v+6rvMyr71YBlb8Rx1UZ7SjdODA=,omREb9OUUCcnOQ+53ujqlp4vjgI=
-14,-82,v+6rvMyr71YBlb8Rx1UZ7SjdODA=,omREb9OUUCcnOQ+53ujqlp4vjgI=
-13,-95,v+6rvMyr71YBlb8Rx1UZ7SjdODA=,omREb9OUUCcnOQ+53ujqlp4vjgI=
-1,-83,v+6rvMyr71YBlb8Rx1UZ7SjdODA=,omREb9OUUCcnOQ+53ujqlp4vjgI=
-2,-83,v+6rvMyr71YBlb8Rx1UZ7SjdODA=,omREb9OUUCcnOQ+53ujqlp4vjgI=
-16,-82,v+6rvMyr71YBlb8Rx1UZ7SjdODA=,omREb9OUUCcnOQ+53ujqlp4vjgI=
-14,-94,v+6rvMyr71YBlb8Rx1UZ7SjdODA=,omREb9OUUCcnOQ+53ujqlp4vjgI=
-3,-83,v+6rvMyr71YBlb8Rx1UZ7SjdODA=,omREb9OUUCcnOQ+53ujqlp4vjgI=
-4,-83,v+6rvMyr71YBlb8Rx1UZ7SjdODA=,omREb9OUUCcnOQ+53ujqlp4vjgI=
-6,-83,v+6rvMyr71YBlb8Rx1UZ7SjdODA=,omREb9OUUCcnOQ+53ujqlp4vjgI=
-5,-83,v+6rvMyr71YBlb8Rx1UZ7SjdODA=,omREb9OUUCcnOQ+53ujqlp4vjgI=
-9,-93,v+6rvMyr71YBlb8Rx1UZ7SjdODA=,omREb9OUUCcnOQ+53ujqlp4vjgI=
-12,-83,v+6rvMyr71YBlb8Rx1UZ7SjdODA=,omREb9OUUCcnOQ+53ujqlp4vjgI=
-11,-83,v+6rvMyr71YBlb8Rx1UZ7SjdODA=,omREb9OUUCcnOQ+53ujqlp4vjgI=
-13,-83,v+6rvMyr71YBlb8Rx1UZ7SjdODA=,omREb9OUUCcnOQ+53ujqlp4vjgI=
-14,-83,v+6rvMyr71YBlb8Rx1UZ7SjdODA=,omREb9OUUCcnOQ+53ujqlp4vjgI=
-15,-94,v+6rvMyr71YBlb8Rx1UZ7SjdODA=,omREb9OUUCcnOQ+53ujqlp4vjgI=
-14,-95,v+6rvMyr71YBlb8Rx1UZ7SjdODA=,omREb9OUUCcnOQ+53ujqlp4vjgI=
-1,-84,v+6rvMyr71YBlb8Rx1UZ7SjdODA=,omREb9OUUCcnOQ+53ujqlp4vjgI=
-16,-83,v+6rvMyr71YBlb8Rx1UZ7SjdODA=,omREb9OUUCcnOQ+53ujqlp4vjgI=
-15,-83,v+6rvMyr71YBlb8Rx1UZ7SjdODA=,omREb9OUUCcnOQ+53ujqlp4vjgI=
-2,-84,v+6rvMyr71YBlb8Rx1UZ7SjdODA=,omREb9OUUCcnOQ+53ujqlp4vjgI=
-3,-84,v+6rvMyr71YBlb8Rx1UZ7SjdODA=,omREb9OUUCcnOQ+53ujqlp4vjgI=
-4,-84,v+6rvMyr71YBlb8Rx1UZ7SjdODA=,omREb9OUUCcnOQ+53ujqlp4vjgI=
-5,-84,v+6rvMyr71YBlb8Rx1UZ7SjdODA=,omREb9OUUCcnOQ+53ujqlp4vjgI=
-7,-81,v+6rvMyr71YBlb8Rx1UZ7SjdODA=,omREb9OUUCcnOQ+53ujqlp4vjgI=
-9,-82,v+6rvMyr71YBlb8Rx1UZ7SjdODA=,omREb9OUUCcnOQ+53ujqlp4vjgI=
-9,-94,v+6rvMyr71YBlb8Rx1UZ7SjdODA=,omREb9OUUCcnOQ+53ujqlp4vjgI=
-10,-96,v+6rvMyr71YBlb8Rx1UZ7SjdODA=,omREb9OUUCcnOQ+53ujqlp4vjgI=
-10,-82,v+6rvMyr71YBlb8Rx1UZ7SjdODA=,omREb9OUUCcnOQ+53ujqlp4vjgI=
-13,-92,v+6rvMyr71YBlb8Rx1UZ7SjdODA=,omREb9OUUCcnOQ+53ujqlp4vjgI=
-14,-92,v+6rvMyr71YBlb8Rx1UZ7SjdODA=,omREb9OUUCcnOQ+53ujqlp4vjgI=
-15,-92,v+6rvMyr71YBlb8Rx1UZ7SjdODA=,omREb9OUUCcnOQ+53ujqlp4vjgI=
-12,-92,v+6rvMyr71YBlb8Rx1UZ7SjdODA=,omREb9OUUCcnOQ+53ujqlp4vjgI=
-11,-92,v+6rvMyr71YBlb8Rx1UZ7SjdODA=,omREb9OUUCcnOQ+53ujqlp4vjgI=
-9,-84,v+6rvMyr71YBlb8Rx1UZ7SjdODA=,omREb9OUUCcnOQ+53ujqlp4vjgI=
-7,-82,v+6rvMyr71YBlb8Rx1UZ7SjdODA=,omREb9OUUCcnOQ+53ujqlp4vjgI=
-12,-84,v+6rvMyr71YBlb8Rx1UZ7SjdODA=,omREb9OUUCcnOQ+53ujqlp4vjgI=
-11,-84,v+6rvMyr71YBlb8Rx1UZ7SjdODA=,omREb9OUUCcnOQ+53ujqlp4vjgI=
-13,-84,v+6rvMyr71YBlb8Rx1UZ7SjdODA=,omREb9OUUCcnOQ+53ujqlp4vjgI=
-15,-95,v+6rvMyr71YBlb8Rx1UZ7SjdODA=,omREb9OUUCcnOQ+53ujqlp4vjgI=
-15,-84,v+6rvMyr71YBlb8Rx1UZ7SjdODA=,omREb9OUUCcnOQ+53ujqlp4vjgI=
-16,-84,v+6rvMyr71YBlb8Rx1UZ7SjdODA=,omREb9OUUCcnOQ+53ujqlp4vjgI=
-16,-95,v+6rvMyr71YBlb8Rx1UZ7SjdODA=,omREb9OUUCcnOQ+53ujqlp4vjgI=
-14,-84,v+6rvMyr71YBlb8Rx1UZ7SjdODA=,omREb9OUUCcnOQ+53ujqlp4vjgI=
-16,-93,v+6rvMyr71YBlb8Rx1UZ7SjdODA=,omREb9OUUCcnOQ+53ujqlp4vjgI=
-8,-84,v+6rvMyr71YBlb8Rx1UZ7SjdODA=,omREb9OUUCcnOQ+53ujqlp4vjgI=
-14,-96,v+6rvMyr71YBlb8Rx1UZ7SjdODA=,omREb9OUUCcnOQ+53ujqlp4vjgI=
-16,-94,v+6rvMyr71YBlb8Rx1UZ7SjdODA=,omREb9OUUCcnOQ+53ujqlp4vjgI=
-7,-84,v+6rvMyr71YBlb8Rx1UZ7SjdODA=,omREb9OUUCcnOQ+53ujqlp4vjgI=
-7,-83,v+6rvMyr71YBlb8Rx1UZ7SjdODA=,omREb9OUUCcnOQ+53ujqlp4vjgI=
-9,-83,v+6rvMyr71YBlb8Rx1UZ7SjdODA=,omREb9OUUCcnOQ+53ujqlp4vjgI=
-2,-85,v+6rvMyr71YBlb8Rx1UZ7SjdODA=,omREb9OUUCcnOQ+53ujqlp4vjgI=
-3,-85,v+6rvMyr71YBlb8Rx1UZ7SjdODA=,omREb9OUUCcnOQ+53ujqlp4vjgI=
-1,-85,v+6rvMyr71YBlb8Rx1UZ7SjdODA=,omREb9OUUCcnOQ+53ujqlp4vjgI=
-5,-85,v+6rvMyr71YBlb8Rx1UZ7SjdODA=,omREb9OUUCcnOQ+53ujqlp4vjgI=
-4,-85,v+6rvMyr71YBlb8Rx1UZ7SjdODA=,omREb9OUUCcnOQ+53ujqlp4vjgI=
-6,-85,v+6rvMyr71YBlb8Rx1UZ7SjdODA=,omREb9OUUCcnOQ+53ujqlp4vjgI=
-8,-93,v+6rvMyr71YBlb8Rx1UZ7SjdODA=,omREb9OUUCcnOQ+53ujqlp4vjgI=
-8,-82,v+6rvMyr71YBlb8Rx1UZ7SjdODA=,omREb9OUUCcnOQ+53ujqlp4vjgI=
-6,-84,v+6rvMyr71YBlb8Rx1UZ7SjdODA=,omREb9OUUCcnOQ+53ujqlp4vjgI=
-10,-84,v+6rvMyr71YBlb8Rx1UZ7SjdODA=,omREb9OUUCcnOQ+53ujqlp4vjgI=
-11,-85,v+6rvMyr71YBlb8Rx1UZ7SjdODA=,omREb9OUUCcnOQ+53ujqlp4vjgI=
-3,-93,v+6rvMyr71YBlb8Rx1UZ7SjdODA=,omREb9OUUCcnOQ+53ujqlp4vjgI=
-12,-85,v+6rvMyr71YBlb8Rx1UZ7SjdODA=,omREb9OUUCcnOQ+53ujqlp4vjgI=
-13,-85,v+6rvMyr71YBlb8Rx1UZ7SjdODA=,omREb9OUUCcnOQ+53ujqlp4vjgI=
-14,-85,v+6rvMyr71YBlb8Rx1UZ7SjdODA=,omREb9OUUCcnOQ+53ujqlp4vjgI=
-15,-85,v+6rvMyr71YBlb8Rx1UZ7SjdODA=,omREb9OUUCcnOQ+53ujqlp4vjgI=
-8,-81,v+6rvMyr71YBlb8Rx1UZ7SjdODA=,omREb9OUUCcnOQ+53ujqlp4vjgI=
-16,-85,v+6rvMyr71YBlb8Rx1UZ7SjdODA=,omREb9OUUCcnOQ+53ujqlp4vjgI=
-1,-86,v+6rvMyr71YBlb8Rx1UZ7SjdODA=,omREb9OUUCcnOQ+53ujqlp4vjgI=
-1,-96,v+6rvMyr71YBlb8Rx1UZ7SjdODA=,omREb9OUUCcnOQ+53ujqlp4vjgI=
-2,-86,v+6rvMyr71YBlb8Rx1UZ7SjdODA=,omREb9OUUCcnOQ+53ujqlp4vjgI=
-3,-86,v+6rvMyr71YBlb8Rx1UZ7SjdODA=,omREb9OUUCcnOQ+53ujqlp4vjgI=
-4,-86,v+6rvMyr71YBlb8Rx1UZ7SjdODA=,omREb9OUUCcnOQ+53ujqlp4vjgI=
-6,-86,v+6rvMyr71YBlb8Rx1UZ7SjdODA=,omREb9OUUCcnOQ+53ujqlp4vjgI=
-5,-86,v+6rvMyr71YBlb8Rx1UZ7SjdODA=,omREb9OUUCcnOQ+53ujqlp4vjgI=
-10,-85,v+6rvMyr71YBlb8Rx1UZ7SjdODA=,omREb9OUUCcnOQ+53ujqlp4vjgI=
-10,-92,v+6rvMyr71YBlb8Rx1UZ7SjdODA=,omREb9OUUCcnOQ+53ujqlp4vjgI=
-8,-83,v+6rvMyr71YBlb8Rx1UZ7SjdODA=,omREb9OUUCcnOQ+53ujqlp4vjgI=
-9,-86,v+6rvMyr71YBlb8Rx1UZ7SjdODA=,omREb9OUUCcnOQ+53ujqlp4vjgI=
-2,-95,v+6rvMyr71YBlb8Rx1UZ7SjdODA=,omREb9OUUCcnOQ+53ujqlp4vjgI=
-11,-86,v+6rvMyr71YBlb8Rx1UZ7SjdODA=,omREb9OUUCcnOQ+53ujqlp4vjgI=
-12,-86,v+6rvMyr71YBlb8Rx1UZ7SjdODA=,omREb9OUUCcnOQ+53ujqlp4vjgI=
-13,-86,v+6rvMyr71YBlb8Rx1UZ7SjdODA=,omREb9OUUCcnOQ+53ujqlp4vjgI=
-15,-86,v+6rvMyr71YBlb8Rx1UZ7SjdODA=,omREb9OUUCcnOQ+53ujqlp4vjgI=
-14,-86,v+6rvMyr71YBlb8Rx1UZ7SjdODA=,omREb9OUUCcnOQ+53ujqlp4vjgI=
-16,-86,v+6rvMyr71YBlb8Rx1UZ7SjdODA=,omREb9OUUCcnOQ+53ujqlp4vjgI=
-6,-93,v+6rvMyr71YBlb8Rx1UZ7SjdODA=,omREb9OUUCcnOQ+53ujqlp4vjgI=
-9,-85,v+6rvMyr71YBlb8Rx1UZ7SjdODA=,omREb9OUUCcnOQ+53ujqlp4vjgI=
-7,-85,v+6rvMyr71YBlb8Rx1UZ7SjdODA=,omREb9OUUCcnOQ+53ujqlp4vjgI=
-2,-87,v+6rvMyr71YBlb8Rx1UZ7SjdODA=,omREb9OUUCcnOQ+53ujqlp4vjgI=
-1,-87,v+6rvMyr71YBlb8Rx1UZ7SjdODA=,omREb9OUUCcnOQ+53ujqlp4vjgI=
-3,-87,v+6rvMyr71YBlb8Rx1UZ7SjdODA=,omREb9OUUCcnOQ+53ujqlp4vjgI=
-4,-87,v+6rvMyr71YBlb8Rx1UZ7SjdODA=,omREb9OUUCcnOQ+53ujqlp4vjgI=
-10,-86,v+6rvMyr71YBlb8Rx1UZ7SjdODA=,omREb9OUUCcnOQ+53ujqlp4vjgI=
-5,-87,v+6rvMyr71YBlb8Rx1UZ7SjdODA=,omREb9OUUCcnOQ+53ujqlp4vjgI=
-2,-93,v+6rvMyr71YBlb8Rx1UZ7SjdODA=,omREb9OUUCcnOQ+53ujqlp4vjgI=
-2,-96,v+6rvMyr71YBlb8Rx1UZ7SjdODA=,omREb9OUUCcnOQ+53ujqlp4vjgI=
-9,-87,v+6rvMyr71YBlb8Rx1UZ7SjdODA=,omREb9OUUCcnOQ+53ujqlp4vjgI=
-10,-87,v+6rvMyr71YBlb8Rx1UZ7SjdODA=,omREb9OUUCcnOQ+53ujqlp4vjgI=
-11,-87,v+6rvMyr71YBlb8Rx1UZ7SjdODA=,omREb9OUUCcnOQ+53ujqlp4vjgI=
-12,-87,v+6rvMyr71YBlb8Rx1UZ7SjdODA=,omREb9OUUCcnOQ+53ujqlp4vjgI=
-14,-87,v+6rvMyr71YBlb8Rx1UZ7SjdODA=,omREb9OUUCcnOQ+53ujqlp4vjgI=
-13,-87,v+6rvMyr71YBlb8Rx1UZ7SjdODA=,omREb9OUUCcnOQ+53ujqlp4vjgI=
-15,-87,v+6rvMyr71YBlb8Rx1UZ7SjdODA=,omREb9OUUCcnOQ+53ujqlp4vjgI=
-16,-87,v+6rvMyr71YBlb8Rx1UZ7SjdODA=,omREb9OUUCcnOQ+53ujqlp4vjgI=
-3,-96,v+6rvMyr71YBlb8Rx1UZ7SjdODA=,omREb9OUUCcnOQ+53ujqlp4vjgI=
-1,-88,v+6rvMyr71YBlb8Rx1UZ7SjdODA=,omREb9OUUCcnOQ+53ujqlp4vjgI=
-8,-87,v+6rvMyr71YBlb8Rx1UZ7SjdODA=,omREb9OUUCcnOQ+53ujqlp4vjgI=
-2,-88,v+6rvMyr71YBlb8Rx1UZ7SjdODA=,omREb9OUUCcnOQ+53ujqlp4vjgI=
-7,-86,v+6rvMyr71YBlb8Rx1UZ7SjdODA=,omREb9OUUCcnOQ+53ujqlp4vjgI=
-3,-88,v+6rvMyr71YBlb8Rx1UZ7SjdODA=,omREb9OUUCcnOQ+53ujqlp4vjgI=
-4,-88,v+6rvMyr71YBlb8Rx1UZ7SjdODA=,omREb9OUUCcnOQ+53ujqlp4vjgI=
-5,-88,v+6rvMyr71YBlb8Rx1UZ7SjdODA=,omREb9OUUCcnOQ+53ujqlp4vjgI=
-8,-86,v+6rvMyr71YBlb8Rx1UZ7SjdODA=,omREb9OUUCcnOQ+53ujqlp4vjgI=
-3,-94,v+6rvMyr71YBlb8Rx1UZ7SjdODA=,omREb9OUUCcnOQ+53ujqlp4vjgI=
-10,-83,v+6rvMyr71YBlb8Rx1UZ7SjdODA=,omREb9OUUCcnOQ+53ujqlp4vjgI=
-8,-85,v+6rvMyr71YBlb8Rx1UZ7SjdODA=,omREb9OUUCcnOQ+53ujqlp4vjgI=
-6,-87,v+6rvMyr71YBlb8Rx1UZ7SjdODA=,omREb9OUUCcnOQ+53ujqlp4vjgI=
-11,-88,v+6rvMyr71YBlb8Rx1UZ7SjdODA=,omREb9OUUCcnOQ+53ujqlp4vjgI=
-12,-88,v+6rvMyr71YBlb8Rx1UZ7SjdODA=,omREb9OUUCcnOQ+53ujqlp4vjgI=
-13,-88,v+6rvMyr71YBlb8Rx1UZ7SjdODA=,omREb9OUUCcnOQ+53ujqlp4vjgI=
-7,-87,v+6rvMyr71YBlb8Rx1UZ7SjdODA=,omREb9OUUCcnOQ+53ujqlp4vjgI=
-14,-88,v+6rvMyr71YBlb8Rx1UZ7SjdODA=,omREb9OUUCcnOQ+53ujqlp4vjgI=
-3,-95,v+6rvMyr71YBlb8Rx1UZ7SjdODA=,omREb9OUUCcnOQ+53ujqlp4vjgI=
-15,-88,v+6rvMyr71YBlb8Rx1UZ7SjdODA=,omREb9OUUCcnOQ+53ujqlp4vjgI=
-16,-88,v+6rvMyr71YBlb8Rx1UZ7SjdODA=,omREb9OUUCcnOQ+53ujqlp4vjgI=
-9,-88,v+6rvMyr71YBlb8Rx1UZ7SjdODA=,omREb9OUUCcnOQ+53ujqlp4vjgI=
-1,-89,v+6rvMyr71YBlb8Rx1UZ7SjdODA=,omREb9OUUCcnOQ+53ujqlp4vjgI=
-2,-89,v+6rvMyr71YBlb8Rx1UZ7SjdODA=,omREb9OUUCcnOQ+53ujqlp4vjgI=
-4,-89,v+6rvMyr71YBlb8Rx1UZ7SjdODA=,omREb9OUUCcnOQ+53ujqlp4vjgI=
-5,-89,v+6rvMyr71YBlb8Rx1UZ7SjdODA=,omREb9OUUCcnOQ+53ujqlp4vjgI=
-10,-88,v+6rvMyr71YBlb8Rx1UZ7SjdODA=,omREb9OUUCcnOQ+53ujqlp4vjgI=
-6,-89,v+6rvMyr71YBlb8Rx1UZ7SjdODA=,omREb9OUUCcnOQ+53ujqlp4vjgI=
-1,-94,v+6rvMyr71YBlb8Rx1UZ7SjdODA=,omREb9OUUCcnOQ+53ujqlp4vjgI=
-9,-92,v+6rvMyr71YBlb8Rx1UZ7SjdODA=,omREb9OUUCcnOQ+53ujqlp4vjgI=
-11,-89,v+6rvMyr71YBlb8Rx1UZ7SjdODA=,omREb9OUUCcnOQ+53ujqlp4vjgI=
-2,-94,v+6rvMyr71YBlb8Rx1UZ7SjdODA=,omREb9OUUCcnOQ+53ujqlp4vjgI=
-10,-89,v+6rvMyr71YBlb8Rx1UZ7SjdODA=,omREb9OUUCcnOQ+53ujqlp4vjgI=
-14,-89,v+6rvMyr71YBlb8Rx1UZ7SjdODA=,omREb9OUUCcnOQ+53ujqlp4vjgI=
-12,-89,v+6rvMyr71YBlb8Rx1UZ7SjdODA=,omREb9OUUCcnOQ+53ujqlp4vjgI=
-15,-89,v+6rvMyr71YBlb8Rx1UZ7SjdODA=,omREb9OUUCcnOQ+53ujqlp4vjgI=
-13,-89,v+6rvMyr71YBlb8Rx1UZ7SjdODA=,omREb9OUUCcnOQ+53ujqlp4vjgI=
-1,-95,v+6rvMyr71YBlb8Rx1UZ7SjdODA=,omREb9OUUCcnOQ+53ujqlp4vjgI=
-4,-94,v+6rvMyr71YBlb8Rx1UZ7SjdODA=,omREb9OUUCcnOQ+53ujqlp4vjgI=
-16,-89,v+6rvMyr71YBlb8Rx1UZ7SjdODA=,omREb9OUUCcnOQ+53ujqlp4vjgI=
-1,-90,v+6rvMyr71YBlb8Rx1UZ7SjdODA=,omREb9OUUCcnOQ+53ujqlp4vjgI=
-9,-89,v+6rvMyr71YBlb8Rx1UZ7SjdODA=,omREb9OUUCcnOQ+53ujqlp4vjgI=
-2,-90,v+6rvMyr71YBlb8Rx1UZ7SjdODA=,omREb9OUUCcnOQ+53ujqlp4vjgI=
-6,-88,v+6rvMyr71YBlb8Rx1UZ7SjdODA=,omREb9OUUCcnOQ+53ujqlp4vjgI=
-5,-90,v+6rvMyr71YBlb8Rx1UZ7SjdODA=,omREb9OUUCcnOQ+53ujqlp4vjgI=
-7,-88,v+6rvMyr71YBlb8Rx1UZ7SjdODA=,omREb9OUUCcnOQ+53ujqlp4vjgI=
-6,-90,v+6rvMyr71YBlb8Rx1UZ7SjdODA=,omREb9OUUCcnOQ+53ujqlp4vjgI=
-4,-95,v+6rvMyr71YBlb8Rx1UZ7SjdODA=,omREb9OUUCcnOQ+53ujqlp4vjgI=
-6,-96,v+6rvMyr71YBlb8Rx1UZ7SjdODA=,omREb9OUUCcnOQ+53ujqlp4vjgI=
-5,-96,v+6rvMyr71YBlb8Rx1UZ7SjdODA=,omREb9OUUCcnOQ+53ujqlp4vjgI=
-10,-90,v+6rvMyr71YBlb8Rx1UZ7SjdODA=,omREb9OUUCcnOQ+53ujqlp4vjgI=
-12,-90,v+6rvMyr71YBlb8Rx1UZ7SjdODA=,omREb9OUUCcnOQ+53ujqlp4vjgI=
-11,-90,v+6rvMyr71YBlb8Rx1UZ7SjdODA=,omREb9OUUCcnOQ+53ujqlp4vjgI=
-13,-90,v+6rvMyr71YBlb8Rx1UZ7SjdODA=,omREb9OUUCcnOQ+53ujqlp4vjgI=
-15,-90,v+6rvMyr71YBlb8Rx1UZ7SjdODA=,omREb9OUUCcnOQ+53ujqlp4vjgI=
-14,-90,v+6rvMyr71YBlb8Rx1UZ7SjdODA=,omREb9OUUCcnOQ+53ujqlp4vjgI=
-7,-90,v+6rvMyr71YBlb8Rx1UZ7SjdODA=,omREb9OUUCcnOQ+53ujqlp4vjgI=
-7,-94,v+6rvMyr71YBlb8Rx1UZ7SjdODA=,omREb9OUUCcnOQ+53ujqlp4vjgI=
-16,-90,v+6rvMyr71YBlb8Rx1UZ7SjdODA=,omREb9OUUCcnOQ+53ujqlp4vjgI=
-1,-91,v+6rvMyr71YBlb8Rx1UZ7SjdODA=,omREb9OUUCcnOQ+53ujqlp4vjgI=
-4,-90,v+6rvMyr71YBlb8Rx1UZ7SjdODA=,omREb9OUUCcnOQ+53ujqlp4vjgI=
-2,-91,v+6rvMyr71YBlb8Rx1UZ7SjdODA=,omREb9OUUCcnOQ+53ujqlp4vjgI=
-8,-88,v+6rvMyr71YBlb8Rx1UZ7SjdODA=,omREb9OUUCcnOQ+53ujqlp4vjgI=
-6,-95,v+6rvMyr71YBlb8Rx1UZ7SjdODA=,omREb9OUUCcnOQ+53ujqlp4vjgI=
-3,-91,v+6rvMyr71YBlb8Rx1UZ7SjdODA=,omREb9OUUCcnOQ+53ujqlp4vjgI=
-8,-92,v+6rvMyr71YBlb8Rx1UZ7SjdODA=,omREb9OUUCcnOQ+53ujqlp4vjgI=
-7,-95,v+6rvMyr71YBlb8Rx1UZ7SjdODA=,omREb9OUUCcnOQ+53ujqlp4vjgI=
-8,-96,v+6rvMyr71YBlb8Rx1UZ7SjdODA=,omREb9OUUCcnOQ+53ujqlp4vjgI=
-8,-95,v+6rvMyr71YBlb8Rx1UZ7SjdODA=,omREb9OUUCcnOQ+53ujqlp4vjgI=
-10,-91,v+6rvMyr71YBlb8Rx1UZ7SjdODA=,omREb9OUUCcnOQ+53ujqlp4vjgI=
-11,-91,v+6rvMyr71YBlb8Rx1UZ7SjdODA=,omREb9OUUCcnOQ+53ujqlp4vjgI=
-16,-96,v+6rvMyr71YBlb8Rx1UZ7SjdODA=,omREb9OUUCcnOQ+53ujqlp4vjgI=
-12,-91,v+6rvMyr71YBlb8Rx1UZ7SjdODA=,omREb9OUUCcnOQ+53ujqlp4vjgI=
-13,-91,v+6rvMyr71YBlb8Rx1UZ7SjdODA=,omREb9OUUCcnOQ+53ujqlp4vjgI=
-14,-91,v+6rvMyr71YBlb8Rx1UZ7SjdODA=,omREb9OUUCcnOQ+53ujqlp4vjgI=
-15,-91,v+6rvMyr71YBlb8Rx1UZ7SjdODA=,omREb9OUUCcnOQ+53ujqlp4vjgI=
-16,-91,v+6rvMyr71YBlb8Rx1UZ7SjdODA=,omREb9OUUCcnOQ+53ujqlp4vjgI=
-3,-90,v+6rvMyr71YBlb8Rx1UZ7SjdODA=,omREb9OUUCcnOQ+53ujqlp4vjgI=
-9,-90,v+6rvMyr71YBlb8Rx1UZ7SjdODA=,omREb9OUUCcnOQ+53ujqlp4vjgI=
-6,-91,v+6rvMyr71YBlb8Rx1UZ7SjdODA=,omREb9OUUCcnOQ+53ujqlp4vjgI=
-9,-96,v+6rvMyr71YBlb8Rx1UZ7SjdODA=,omREb9OUUCcnOQ+53ujqlp4vjgI=
-6,-94,v+6rvMyr71YBlb8Rx1UZ7SjdODA=,omREb9OUUCcnOQ+53ujqlp4vjgI=
-5,-94,v+6rvMyr71YBlb8Rx1UZ7SjdODA=,omREb9OUUCcnOQ+53ujqlp4vjgI=
-4,-91,v+6rvMyr71YBlb8Rx1UZ7SjdODA=,omREb9OUUCcnOQ+53ujqlp4vjgI=
-8,-90,v+6rvMyr71YBlb8Rx1UZ7SjdODA=,omREb9OUUCcnOQ+53ujqlp4vjgI=
-2,-92,v+6rvMyr71YBlb8Rx1UZ7SjdODA=,omREb9OUUCcnOQ+53ujqlp4vjgI=
-9,-95,v+6rvMyr71YBlb8Rx1UZ7SjdODA=,omREb9OUUCcnOQ+53ujqlp4vjgI=
-8,-94,v+6rvMyr71YBlb8Rx1UZ7SjdODA=,omREb9OUUCcnOQ+53ujqlp4vjgI=
-5,-91,v+6rvMyr71YBlb8Rx1UZ7SjdODA=,omREb9OUUCcnOQ+53ujqlp4vjgI=
-5,-95,v+6rvMyr71YBlb8Rx1UZ7SjdODA=,omREb9OUUCcnOQ+53ujqlp4vjgI=
-7,-92,v+6rvMyr71YBlb8Rx1UZ7SjdODA=,omREb9OUUCcnOQ+53ujqlp4vjgI=
-8,-89,v+6rvMyr71YBlb8Rx1UZ7SjdODA=,omREb9OUUCcnOQ+53ujqlp4vjgI=
-5,-92,v+6rvMyr71YBlb8Rx1UZ7SjdODA=,omREb9OUUCcnOQ+53ujqlp4vjgI=
-7,-96,v+6rvMyr71YBlb8Rx1UZ7SjdODA=,omREb9OUUCcnOQ+53ujqlp4vjgI=
-3,-89,v+6rvMyr71YBlb8Rx1UZ7SjdODA=,omREb9OUUCcnOQ+53ujqlp4vjgI=
-1,-92,v+6rvMyr71YBlb8Rx1UZ7SjdODA=,omREb9OUUCcnOQ+53ujqlp4vjgI=
-7,-91,v+6rvMyr71YBlb8Rx1UZ7SjdODA=,omREb9OUUCcnOQ+53ujqlp4vjgI=
-7,-89,v+6rvMyr71YBlb8Rx1UZ7SjdODA=,omREb9OUUCcnOQ+53ujqlp4vjgI=
-4,-96,v+6rvMyr71YBlb8Rx1UZ7SjdODA=,omREb9OUUCcnOQ+53ujqlp4vjgI=
-4,-92,v+6rvMyr71YBlb8Rx1UZ7SjdODA=,omREb9OUUCcnOQ+53ujqlp4vjgI=
-3,-92,v+6rvMyr71YBlb8Rx1UZ7SjdODA=,omREb9OUUCcnOQ+53ujqlp4vjgI=
-9,-91,v+6rvMyr71YBlb8Rx1UZ7SjdODA=,omREb9OUUCcnOQ+53ujqlp4vjgI=
-6,-92,v+6rvMyr71YBlb8Rx1UZ7SjdODA=,omREb9OUUCcnOQ+53ujqlp4vjgI=
-8,-91,v+6rvMyr71YBlb8Rx1UZ7SjdODA=,omREb9OUUCcnOQ+53ujqlp4vjgI=
-27,-96,yzcxRCxbhGVUprMqMG60se5jSdo=,aYQ5vM0hly3UulVynXZIksEEVic=
-26,-93,yzcxRCxbhGVUprMqMG60se5jSdo=,aYQ5vM0hly3UulVynXZIksEEVic=
-27,-94,yzcxRCxbhGVUprMqMG60se5jSdo=,aYQ5vM0hly3UulVynXZIksEEVic=
-29,-96,yzcxRCxbhGVUprMqMG60se5jSdo=,aYQ5vM0hly3UulVynXZIksEEVic=
-28,-93,yzcxRCxbhGVUprMqMG60se5jSdo=,aYQ5vM0hly3UulVynXZIksEEVic=
-22,-93,yzcxRCxbhGVUprMqMG60se5jSdo=,aYQ5vM0hly3UulVynXZIksEEVic=
-27,-93,yzcxRCxbhGVUprMqMG60se5jSdo=,aYQ5vM0hly3UulVynXZIksEEVic=
-29,-93,yzcxRCxbhGVUprMqMG60se5jSdo=,aYQ5vM0hly3UulVynXZIksEEVic=
-21,-93,yzcxRCxbhGVUprMqMG60se5jSdo=,aYQ5vM0hly3UulVynXZIksEEVic=
-20,-93,yzcxRCxbhGVUprMqMG60se5jSdo=,aYQ5vM0hly3UulVynXZIksEEVic=
-31,-96,yzcxRCxbhGVUprMqMG60se5jSdo=,aYQ5vM0hly3UulVynXZIksEEVic=
-30,-93,yzcxRCxbhGVUprMqMG60se5jSdo=,aYQ5vM0hly3UulVynXZIksEEVic=
-28,-95,yzcxRCxbhGVUprMqMG60se5jSdo=,aYQ5vM0hly3UulVynXZIksEEVic=
-27,-95,yzcxRCxbhGVUprMqMG60se5jSdo=,aYQ5vM0hly3UulVynXZIksEEVic=
-17,-81,yzcxRCxbhGVUprMqMG60se5jSdo=,aYQ5vM0hly3UulVynXZIksEEVic=
-18,-93,yzcxRCxbhGVUprMqMG60se5jSdo=,aYQ5vM0hly3UulVynXZIksEEVic=
-19,-93,yzcxRCxbhGVUprMqMG60se5jSdo=,aYQ5vM0hly3UulVynXZIksEEVic=
-28,-94,yzcxRCxbhGVUprMqMG60se5jSdo=,aYQ5vM0hly3UulVynXZIksEEVic=
-18,-81,yzcxRCxbhGVUprMqMG60se5jSdo=,aYQ5vM0hly3UulVynXZIksEEVic=
-19,-81,yzcxRCxbhGVUprMqMG60se5jSdo=,aYQ5vM0hly3UulVynXZIksEEVic=
-17,-93,yzcxRCxbhGVUprMqMG60se5jSdo=,aYQ5vM0hly3UulVynXZIksEEVic=
-21,-81,yzcxRCxbhGVUprMqMG60se5jSdo=,aYQ5vM0hly3UulVynXZIksEEVic=
-26,-95,yzcxRCxbhGVUprMqMG60se5jSdo=,aYQ5vM0hly3UulVynXZIksEEVic=
-32,-92,yzcxRCxbhGVUprMqMG60se5jSdo=,aYQ5vM0hly3UulVynXZIksEEVic=
-20,-81,yzcxRCxbhGVUprMqMG60se5jSdo=,aYQ5vM0hly3UulVynXZIksEEVic=
-23,-81,yzcxRCxbhGVUprMqMG60se5jSdo=,aYQ5vM0hly3UulVynXZIksEEVic=
-22,-81,yzcxRCxbhGVUprMqMG60se5jSdo=,aYQ5vM0hly3UulVynXZIksEEVic=
-24,-81,yzcxRCxbhGVUprMqMG60se5jSdo=,aYQ5vM0hly3UulVynXZIksEEVic=
-26,-81,yzcxRCxbhGVUprMqMG60se5jSdo=,aYQ5vM0hly3UulVynXZIksEEVic=
-25,-81,yzcxRCxbhGVUprMqMG60se5jSdo=,aYQ5vM0hly3UulVynXZIksEEVic=
-28,-81,yzcxRCxbhGVUprMqMG60se5jSdo=,aYQ5vM0hly3UulVynXZIksEEVic=
-27,-81,yzcxRCxbhGVUprMqMG60se5jSdo=,aYQ5vM0hly3UulVynXZIksEEVic=
-32,-81,yzcxRCxbhGVUprMqMG60se5jSdo=,aYQ5vM0hly3UulVynXZIksEEVic=
-28,-96,yzcxRCxbhGVUprMqMG60se5jSdo=,aYQ5vM0hly3UulVynXZIksEEVic=
-31,-81,yzcxRCxbhGVUprMqMG60se5jSdo=,aYQ5vM0hly3UulVynXZIksEEVic=
-31,-93,yzcxRCxbhGVUprMqMG60se5jSdo=,aYQ5vM0hly3UulVynXZIksEEVic=
-17,-82,yzcxRCxbhGVUprMqMG60se5jSdo=,aYQ5vM0hly3UulVynXZIksEEVic=
-29,-94,yzcxRCxbhGVUprMqMG60se5jSdo=,aYQ5vM0hly3UulVynXZIksEEVic=
-20,-82,yzcxRCxbhGVUprMqMG60se5jSdo=,aYQ5vM0hly3UulVynXZIksEEVic=
-18,-82,yzcxRCxbhGVUprMqMG60se5jSdo=,aYQ5vM0hly3UulVynXZIksEEVic=
-22,-82,yzcxRCxbhGVUprMqMG60se5jSdo=,aYQ5vM0hly3UulVynXZIksEEVic=
-21,-82,yzcxRCxbhGVUprMqMG60se5jSdo=,aYQ5vM0hly3UulVynXZIksEEVic=
-19,-82,yzcxRCxbhGVUprMqMG60se5jSdo=,aYQ5vM0hly3UulVynXZIksEEVic=
-23,-82,yzcxRCxbhGVUprMqMG60se5jSdo=,aYQ5vM0hly3UulVynXZIksEEVic=
-25,-82,yzcxRCxbhGVUprMqMG60se5jSdo=,aYQ5vM0hly3UulVynXZIksEEVic=
-24,-82,yzcxRCxbhGVUprMqMG60se5jSdo=,aYQ5vM0hly3UulVynXZIksEEVic=
-27,-82,yzcxRCxbhGVUprMqMG60se5jSdo=,aYQ5vM0hly3UulVynXZIksEEVic=
-29,-95,yzcxRCxbhGVUprMqMG60se5jSdo=,aYQ5vM0hly3UulVynXZIksEEVic=
-30,-94,yzcxRCxbhGVUprMqMG60se5jSdo=,aYQ5vM0hly3UulVynXZIksEEVic=
-28,-82,yzcxRCxbhGVUprMqMG60se5jSdo=,aYQ5vM0hly3UulVynXZIksEEVic=
-18,-83,yzcxRCxbhGVUprMqMG60se5jSdo=,aYQ5vM0hly3UulVynXZIksEEVic=
-17,-83,yzcxRCxbhGVUprMqMG60se5jSdo=,aYQ5vM0hly3UulVynXZIksEEVic=
-19,-83,yzcxRCxbhGVUprMqMG60se5jSdo=,aYQ5vM0hly3UulVynXZIksEEVic=
-32,-82,yzcxRCxbhGVUprMqMG60se5jSdo=,aYQ5vM0hly3UulVynXZIksEEVic=
-20,-83,yzcxRCxbhGVUprMqMG60se5jSdo=,aYQ5vM0hly3UulVynXZIksEEVic=
-21,-83,yzcxRCxbhGVUprMqMG60se5jSdo=,aYQ5vM0hly3UulVynXZIksEEVic=
-22,-83,yzcxRCxbhGVUprMqMG60se5jSdo=,aYQ5vM0hly3UulVynXZIksEEVic=
-23,-83,yzcxRCxbhGVUprMqMG60se5jSdo=,aYQ5vM0hly3UulVynXZIksEEVic=
-24,-83,yzcxRCxbhGVUprMqMG60se5jSdo=,aYQ5vM0hly3UulVynXZIksEEVic=
-29,-81,yzcxRCxbhGVUprMqMG60se5jSdo=,aYQ5vM0hly3UulVynXZIksEEVic=
-25,-83,yzcxRCxbhGVUprMqMG60se5jSdo=,aYQ5vM0hly3UulVynXZIksEEVic=
-26,-83,yzcxRCxbhGVUprMqMG60se5jSdo=,aYQ5vM0hly3UulVynXZIksEEVic=
-30,-81,yzcxRCxbhGVUprMqMG60se5jSdo=,aYQ5vM0hly3UulVynXZIksEEVic=
-30,-82,yzcxRCxbhGVUprMqMG60se5jSdo=,aYQ5vM0hly3UulVynXZIksEEVic=
-31,-94,yzcxRCxbhGVUprMqMG60se5jSdo=,aYQ5vM0hly3UulVynXZIksEEVic=
-30,-95,yzcxRCxbhGVUprMqMG60se5jSdo=,aYQ5vM0hly3UulVynXZIksEEVic=
-28,-83,yzcxRCxbhGVUprMqMG60se5jSdo=,aYQ5vM0hly3UulVynXZIksEEVic=
-32,-83,yzcxRCxbhGVUprMqMG60se5jSdo=,aYQ5vM0hly3UulVynXZIksEEVic=
-17,-84,yzcxRCxbhGVUprMqMG60se5jSdo=,aYQ5vM0hly3UulVynXZIksEEVic=
-18,-84,yzcxRCxbhGVUprMqMG60se5jSdo=,aYQ5vM0hly3UulVynXZIksEEVic=
-20,-84,yzcxRCxbhGVUprMqMG60se5jSdo=,aYQ5vM0hly3UulVynXZIksEEVic=
-19,-84,yzcxRCxbhGVUprMqMG60se5jSdo=,aYQ5vM0hly3UulVynXZIksEEVic=
-21,-84,yzcxRCxbhGVUprMqMG60se5jSdo=,aYQ5vM0hly3UulVynXZIksEEVic=
-22,-84,yzcxRCxbhGVUprMqMG60se5jSdo=,aYQ5vM0hly3UulVynXZIksEEVic=
-23,-84,yzcxRCxbhGVUprMqMG60se5jSdo=,aYQ5vM0hly3UulVynXZIksEEVic=
-25,-84,yzcxRCxbhGVUprMqMG60se5jSdo=,aYQ5vM0hly3UulVynXZIksEEVic=
-24,-84,yzcxRCxbhGVUprMqMG60se5jSdo=,aYQ5vM0hly3UulVynXZIksEEVic=
-26,-94,yzcxRCxbhGVUprMqMG60se5jSdo=,aYQ5vM0hly3UulVynXZIksEEVic=
-31,-83,yzcxRCxbhGVUprMqMG60se5jSdo=,aYQ5vM0hly3UulVynXZIksEEVic=
-26,-82,yzcxRCxbhGVUprMqMG60se5jSdo=,aYQ5vM0hly3UulVynXZIksEEVic=
-23,-93,yzcxRCxbhGVUprMqMG60se5jSdo=,aYQ5vM0hly3UulVynXZIksEEVic=
-31,-95,yzcxRCxbhGVUprMqMG60se5jSdo=,aYQ5vM0hly3UulVynXZIksEEVic=
-32,-95,yzcxRCxbhGVUprMqMG60se5jSdo=,aYQ5vM0hly3UulVynXZIksEEVic=
-25,-93,yzcxRCxbhGVUprMqMG60se5jSdo=,aYQ5vM0hly3UulVynXZIksEEVic=
-32,-93,yzcxRCxbhGVUprMqMG60se5jSdo=,aYQ5vM0hly3UulVynXZIksEEVic=
-30,-96,yzcxRCxbhGVUprMqMG60se5jSdo=,aYQ5vM0hly3UulVynXZIksEEVic=
-17,-96,yzcxRCxbhGVUprMqMG60se5jSdo=,aYQ5vM0hly3UulVynXZIksEEVic=
-32,-94,yzcxRCxbhGVUprMqMG60se5jSdo=,aYQ5vM0hly3UulVynXZIksEEVic=
-18,-96,yzcxRCxbhGVUprMqMG60se5jSdo=,aYQ5vM0hly3UulVynXZIksEEVic=
-17,-94,yzcxRCxbhGVUprMqMG60se5jSdo=,aYQ5vM0hly3UulVynXZIksEEVic=
-17,-95,yzcxRCxbhGVUprMqMG60se5jSdo=,aYQ5vM0hly3UulVynXZIksEEVic=
-18,-95,yzcxRCxbhGVUprMqMG60se5jSdo=,aYQ5vM0hly3UulVynXZIksEEVic=
-17,-85,yzcxRCxbhGVUprMqMG60se5jSdo=,aYQ5vM0hly3UulVynXZIksEEVic=
-18,-85,yzcxRCxbhGVUprMqMG60se5jSdo=,aYQ5vM0hly3UulVynXZIksEEVic=
-19,-85,yzcxRCxbhGVUprMqMG60se5jSdo=,aYQ5vM0hly3UulVynXZIksEEVic=
-20,-85,yzcxRCxbhGVUprMqMG60se5jSdo=,aYQ5vM0hly3UulVynXZIksEEVic=
-22,-85,yzcxRCxbhGVUprMqMG60se5jSdo=,aYQ5vM0hly3UulVynXZIksEEVic=
-23,-85,yzcxRCxbhGVUprMqMG60se5jSdo=,aYQ5vM0hly3UulVynXZIksEEVic=
-21,-85,yzcxRCxbhGVUprMqMG60se5jSdo=,aYQ5vM0hly3UulVynXZIksEEVic=
-24,-85,yzcxRCxbhGVUprMqMG60se5jSdo=,aYQ5vM0hly3UulVynXZIksEEVic=
-30,-83,yzcxRCxbhGVUprMqMG60se5jSdo=,aYQ5vM0hly3UulVynXZIksEEVic=
-25,-94,yzcxRCxbhGVUprMqMG60se5jSdo=,aYQ5vM0hly3UulVynXZIksEEVic=
-24,-93,yzcxRCxbhGVUprMqMG60se5jSdo=,aYQ5vM0hly3UulVynXZIksEEVic=
-30,-84,yzcxRCxbhGVUprMqMG60se5jSdo=,aYQ5vM0hly3UulVynXZIksEEVic=
-28,-85,yzcxRCxbhGVUprMqMG60se5jSdo=,aYQ5vM0hly3UulVynXZIksEEVic=
-31,-82,yzcxRCxbhGVUprMqMG60se5jSdo=,aYQ5vM0hly3UulVynXZIksEEVic=
-30,-85,yzcxRCxbhGVUprMqMG60se5jSdo=,aYQ5vM0hly3UulVynXZIksEEVic=
-18,-94,yzcxRCxbhGVUprMqMG60se5jSdo=,aYQ5vM0hly3UulVynXZIksEEVic=
-31,-85,yzcxRCxbhGVUprMqMG60se5jSdo=,aYQ5vM0hly3UulVynXZIksEEVic=
-19,-96,yzcxRCxbhGVUprMqMG60se5jSdo=,aYQ5vM0hly3UulVynXZIksEEVic=
-17,-86,yzcxRCxbhGVUprMqMG60se5jSdo=,aYQ5vM0hly3UulVynXZIksEEVic=
-32,-85,yzcxRCxbhGVUprMqMG60se5jSdo=,aYQ5vM0hly3UulVynXZIksEEVic=
-18,-86,yzcxRCxbhGVUprMqMG60se5jSdo=,aYQ5vM0hly3UulVynXZIksEEVic=
-19,-95,yzcxRCxbhGVUprMqMG60se5jSdo=,aYQ5vM0hly3UulVynXZIksEEVic=
-19,-86,yzcxRCxbhGVUprMqMG60se5jSdo=,aYQ5vM0hly3UulVynXZIksEEVic=
-20,-86,yzcxRCxbhGVUprMqMG60se5jSdo=,aYQ5vM0hly3UulVynXZIksEEVic=
-21,-86,yzcxRCxbhGVUprMqMG60se5jSdo=,aYQ5vM0hly3UulVynXZIksEEVic=
-22,-86,yzcxRCxbhGVUprMqMG60se5jSdo=,aYQ5vM0hly3UulVynXZIksEEVic=
-23,-86,yzcxRCxbhGVUprMqMG60se5jSdo=,aYQ5vM0hly3UulVynXZIksEEVic=
-29,-84,yzcxRCxbhGVUprMqMG60se5jSdo=,aYQ5vM0hly3UulVynXZIksEEVic=
-24,-86,yzcxRCxbhGVUprMqMG60se5jSdo=,aYQ5vM0hly3UulVynXZIksEEVic=
-25,-85,yzcxRCxbhGVUprMqMG60se5jSdo=,aYQ5vM0hly3UulVynXZIksEEVic=
-26,-84,yzcxRCxbhGVUprMqMG60se5jSdo=,aYQ5vM0hly3UulVynXZIksEEVic=
-32,-84,yzcxRCxbhGVUprMqMG60se5jSdo=,aYQ5vM0hly3UulVynXZIksEEVic=
-31,-84,yzcxRCxbhGVUprMqMG60se5jSdo=,aYQ5vM0hly3UulVynXZIksEEVic=
-31,-86,yzcxRCxbhGVUprMqMG60se5jSdo=,aYQ5vM0hly3UulVynXZIksEEVic=
-30,-86,yzcxRCxbhGVUprMqMG60se5jSdo=,aYQ5vM0hly3UulVynXZIksEEVic=
-20,-96,yzcxRCxbhGVUprMqMG60se5jSdo=,aYQ5vM0hly3UulVynXZIksEEVic=
-32,-86,yzcxRCxbhGVUprMqMG60se5jSdo=,aYQ5vM0hly3UulVynXZIksEEVic=
-19,-94,yzcxRCxbhGVUprMqMG60se5jSdo=,aYQ5vM0hly3UulVynXZIksEEVic=
-20,-95,yzcxRCxbhGVUprMqMG60se5jSdo=,aYQ5vM0hly3UulVynXZIksEEVic=
-17,-87,yzcxRCxbhGVUprMqMG60se5jSdo=,aYQ5vM0hly3UulVynXZIksEEVic=
-18,-87,yzcxRCxbhGVUprMqMG60se5jSdo=,aYQ5vM0hly3UulVynXZIksEEVic=
-19,-87,yzcxRCxbhGVUprMqMG60se5jSdo=,aYQ5vM0hly3UulVynXZIksEEVic=
-20,-87,yzcxRCxbhGVUprMqMG60se5jSdo=,aYQ5vM0hly3UulVynXZIksEEVic=
-29,-82,yzcxRCxbhGVUprMqMG60se5jSdo=,aYQ5vM0hly3UulVynXZIksEEVic=
-22,-87,yzcxRCxbhGVUprMqMG60se5jSdo=,aYQ5vM0hly3UulVynXZIksEEVic=
-21,-87,yzcxRCxbhGVUprMqMG60se5jSdo=,aYQ5vM0hly3UulVynXZIksEEVic=
-23,-87,yzcxRCxbhGVUprMqMG60se5jSdo=,aYQ5vM0hly3UulVynXZIksEEVic=
-24,-87,yzcxRCxbhGVUprMqMG60se5jSdo=,aYQ5vM0hly3UulVynXZIksEEVic=
-25,-86,yzcxRCxbhGVUprMqMG60se5jSdo=,aYQ5vM0hly3UulVynXZIksEEVic=
-28,-84,yzcxRCxbhGVUprMqMG60se5jSdo=,aYQ5vM0hly3UulVynXZIksEEVic=
-29,-85,yzcxRCxbhGVUprMqMG60se5jSdo=,aYQ5vM0hly3UulVynXZIksEEVic=
-29,-87,yzcxRCxbhGVUprMqMG60se5jSdo=,aYQ5vM0hly3UulVynXZIksEEVic=
-30,-87,yzcxRCxbhGVUprMqMG60se5jSdo=,aYQ5vM0hly3UulVynXZIksEEVic=
-31,-87,yzcxRCxbhGVUprMqMG60se5jSdo=,aYQ5vM0hly3UulVynXZIksEEVic=
-32,-87,yzcxRCxbhGVUprMqMG60se5jSdo=,aYQ5vM0hly3UulVynXZIksEEVic=
-29,-86,yzcxRCxbhGVUprMqMG60se5jSdo=,aYQ5vM0hly3UulVynXZIksEEVic=
-20,-94,yzcxRCxbhGVUprMqMG60se5jSdo=,aYQ5vM0hly3UulVynXZIksEEVic=
-17,-88,yzcxRCxbhGVUprMqMG60se5jSdo=,aYQ5vM0hly3UulVynXZIksEEVic=
-21,-95,yzcxRCxbhGVUprMqMG60se5jSdo=,aYQ5vM0hly3UulVynXZIksEEVic=
-18,-88,yzcxRCxbhGVUprMqMG60se5jSdo=,aYQ5vM0hly3UulVynXZIksEEVic=
-19,-88,yzcxRCxbhGVUprMqMG60se5jSdo=,aYQ5vM0hly3UulVynXZIksEEVic=
-20,-88,yzcxRCxbhGVUprMqMG60se5jSdo=,aYQ5vM0hly3UulVynXZIksEEVic=
-21,-88,yzcxRCxbhGVUprMqMG60se5jSdo=,aYQ5vM0hly3UulVynXZIksEEVic=
-24,-88,yzcxRCxbhGVUprMqMG60se5jSdo=,aYQ5vM0hly3UulVynXZIksEEVic=
-23,-88,yzcxRCxbhGVUprMqMG60se5jSdo=,aYQ5vM0hly3UulVynXZIksEEVic=
-22,-88,yzcxRCxbhGVUprMqMG60se5jSdo=,aYQ5vM0hly3UulVynXZIksEEVic=
-28,-86,yzcxRCxbhGVUprMqMG60se5jSdo=,aYQ5vM0hly3UulVynXZIksEEVic=
-28,-88,yzcxRCxbhGVUprMqMG60se5jSdo=,aYQ5vM0hly3UulVynXZIksEEVic=
-28,-87,yzcxRCxbhGVUprMqMG60se5jSdo=,aYQ5vM0hly3UulVynXZIksEEVic=
-27,-85,yzcxRCxbhGVUprMqMG60se5jSdo=,aYQ5vM0hly3UulVynXZIksEEVic=
-30,-88,yzcxRCxbhGVUprMqMG60se5jSdo=,aYQ5vM0hly3UulVynXZIksEEVic=
-31,-88,yzcxRCxbhGVUprMqMG60se5jSdo=,aYQ5vM0hly3UulVynXZIksEEVic=
-31,-92,yzcxRCxbhGVUprMqMG60se5jSdo=,aYQ5vM0hly3UulVynXZIksEEVic=
-26,-96,yzcxRCxbhGVUprMqMG60se5jSdo=,aYQ5vM0hly3UulVynXZIksEEVic=
-30,-92,yzcxRCxbhGVUprMqMG60se5jSdo=,aYQ5vM0hly3UulVynXZIksEEVic=
-29,-92,yzcxRCxbhGVUprMqMG60se5jSdo=,aYQ5vM0hly3UulVynXZIksEEVic=
-28,-92,yzcxRCxbhGVUprMqMG60se5jSdo=,aYQ5vM0hly3UulVynXZIksEEVic=
-26,-85,yzcxRCxbhGVUprMqMG60se5jSdo=,aYQ5vM0hly3UulVynXZIksEEVic=
-32,-88,yzcxRCxbhGVUprMqMG60se5jSdo=,aYQ5vM0hly3UulVynXZIksEEVic=
-21,-94,yzcxRCxbhGVUprMqMG60se5jSdo=,aYQ5vM0hly3UulVynXZIksEEVic=
-17,-89,yzcxRCxbhGVUprMqMG60se5jSdo=,aYQ5vM0hly3UulVynXZIksEEVic=
-18,-89,yzcxRCxbhGVUprMqMG60se5jSdo=,aYQ5vM0hly3UulVynXZIksEEVic=
-19,-89,yzcxRCxbhGVUprMqMG60se5jSdo=,aYQ5vM0hly3UulVynXZIksEEVic=
-20,-89,yzcxRCxbhGVUprMqMG60se5jSdo=,aYQ5vM0hly3UulVynXZIksEEVic=
-21,-89,yzcxRCxbhGVUprMqMG60se5jSdo=,aYQ5vM0hly3UulVynXZIksEEVic=
-23,-89,yzcxRCxbhGVUprMqMG60se5jSdo=,aYQ5vM0hly3UulVynXZIksEEVic=
-22,-89,yzcxRCxbhGVUprMqMG60se5jSdo=,aYQ5vM0hly3UulVynXZIksEEVic=
-21,-96,yzcxRCxbhGVUprMqMG60se5jSdo=,aYQ5vM0hly3UulVynXZIksEEVic=
-27,-84,yzcxRCxbhGVUprMqMG60se5jSdo=,aYQ5vM0hly3UulVynXZIksEEVic=
-27,-86,yzcxRCxbhGVUprMqMG60se5jSdo=,aYQ5vM0hly3UulVynXZIksEEVic=
-27,-92,yzcxRCxbhGVUprMqMG60se5jSdo=,aYQ5vM0hly3UulVynXZIksEEVic=
-26,-87,yzcxRCxbhGVUprMqMG60se5jSdo=,aYQ5vM0hly3UulVynXZIksEEVic=
-30,-89,yzcxRCxbhGVUprMqMG60se5jSdo=,aYQ5vM0hly3UulVynXZIksEEVic=
-29,-88,yzcxRCxbhGVUprMqMG60se5jSdo=,aYQ5vM0hly3UulVynXZIksEEVic=
-31,-89,yzcxRCxbhGVUprMqMG60se5jSdo=,aYQ5vM0hly3UulVynXZIksEEVic=
-29,-83,yzcxRCxbhGVUprMqMG60se5jSdo=,aYQ5vM0hly3UulVynXZIksEEVic=
-32,-89,yzcxRCxbhGVUprMqMG60se5jSdo=,aYQ5vM0hly3UulVynXZIksEEVic=
-17,-90,yzcxRCxbhGVUprMqMG60se5jSdo=,aYQ5vM0hly3UulVynXZIksEEVic=
-28,-89,yzcxRCxbhGVUprMqMG60se5jSdo=,aYQ5vM0hly3UulVynXZIksEEVic=
-18,-90,yzcxRCxbhGVUprMqMG60se5jSdo=,aYQ5vM0hly3UulVynXZIksEEVic=
-29,-89,yzcxRCxbhGVUprMqMG60se5jSdo=,aYQ5vM0hly3UulVynXZIksEEVic=
-19,-90,yzcxRCxbhGVUprMqMG60se5jSdo=,aYQ5vM0hly3UulVynXZIksEEVic=
-21,-90,yzcxRCxbhGVUprMqMG60se5jSdo=,aYQ5vM0hly3UulVynXZIksEEVic=
-20,-90,yzcxRCxbhGVUprMqMG60se5jSdo=,aYQ5vM0hly3UulVynXZIksEEVic=
-22,-90,yzcxRCxbhGVUprMqMG60se5jSdo=,aYQ5vM0hly3UulVynXZIksEEVic=
-26,-88,yzcxRCxbhGVUprMqMG60se5jSdo=,aYQ5vM0hly3UulVynXZIksEEVic=
-27,-83,yzcxRCxbhGVUprMqMG60se5jSdo=,aYQ5vM0hly3UulVynXZIksEEVic=
-25,-88,yzcxRCxbhGVUprMqMG60se5jSdo=,aYQ5vM0hly3UulVynXZIksEEVic=
-25,-87,yzcxRCxbhGVUprMqMG60se5jSdo=,aYQ5vM0hly3UulVynXZIksEEVic=
-28,-90,yzcxRCxbhGVUprMqMG60se5jSdo=,aYQ5vM0hly3UulVynXZIksEEVic=
-29,-90,yzcxRCxbhGVUprMqMG60se5jSdo=,aYQ5vM0hly3UulVynXZIksEEVic=
-30,-90,yzcxRCxbhGVUprMqMG60se5jSdo=,aYQ5vM0hly3UulVynXZIksEEVic=
-31,-90,yzcxRCxbhGVUprMqMG60se5jSdo=,aYQ5vM0hly3UulVynXZIksEEVic=
-22,-94,yzcxRCxbhGVUprMqMG60se5jSdo=,aYQ5vM0hly3UulVynXZIksEEVic=
-27,-88,yzcxRCxbhGVUprMqMG60se5jSdo=,aYQ5vM0hly3UulVynXZIksEEVic=
-32,-90,yzcxRCxbhGVUprMqMG60se5jSdo=,aYQ5vM0hly3UulVynXZIksEEVic=
-26,-92,yzcxRCxbhGVUprMqMG60se5jSdo=,aYQ5vM0hly3UulVynXZIksEEVic=
-24,-90,yzcxRCxbhGVUprMqMG60se5jSdo=,aYQ5vM0hly3UulVynXZIksEEVic=
-17,-91,yzcxRCxbhGVUprMqMG60se5jSdo=,aYQ5vM0hly3UulVynXZIksEEVic=
-18,-91,yzcxRCxbhGVUprMqMG60se5jSdo=,aYQ5vM0hly3UulVynXZIksEEVic=
-19,-91,yzcxRCxbhGVUprMqMG60se5jSdo=,aYQ5vM0hly3UulVynXZIksEEVic=
-21,-91,yzcxRCxbhGVUprMqMG60se5jSdo=,aYQ5vM0hly3UulVynXZIksEEVic=
-20,-91,yzcxRCxbhGVUprMqMG60se5jSdo=,aYQ5vM0hly3UulVynXZIksEEVic=
-22,-91,yzcxRCxbhGVUprMqMG60se5jSdo=,aYQ5vM0hly3UulVynXZIksEEVic=
-25,-89,yzcxRCxbhGVUprMqMG60se5jSdo=,aYQ5vM0hly3UulVynXZIksEEVic=
-25,-90,yzcxRCxbhGVUprMqMG60se5jSdo=,aYQ5vM0hly3UulVynXZIksEEVic=
-23,-94,yzcxRCxbhGVUprMqMG60se5jSdo=,aYQ5vM0hly3UulVynXZIksEEVic=
-27,-87,yzcxRCxbhGVUprMqMG60se5jSdo=,aYQ5vM0hly3UulVynXZIksEEVic=
-32,-96,yzcxRCxbhGVUprMqMG60se5jSdo=,aYQ5vM0hly3UulVynXZIksEEVic=
-24,-91,yzcxRCxbhGVUprMqMG60se5jSdo=,aYQ5vM0hly3UulVynXZIksEEVic=
-23,-95,yzcxRCxbhGVUprMqMG60se5jSdo=,aYQ5vM0hly3UulVynXZIksEEVic=
-30,-91,yzcxRCxbhGVUprMqMG60se5jSdo=,aYQ5vM0hly3UulVynXZIksEEVic=
-32,-91,yzcxRCxbhGVUprMqMG60se5jSdo=,aYQ5vM0hly3UulVynXZIksEEVic=
-31,-91,yzcxRCxbhGVUprMqMG60se5jSdo=,aYQ5vM0hly3UulVynXZIksEEVic=
-29,-91,yzcxRCxbhGVUprMqMG60se5jSdo=,aYQ5vM0hly3UulVynXZIksEEVic=
-17,-92,yzcxRCxbhGVUprMqMG60se5jSdo=,aYQ5vM0hly3UulVynXZIksEEVic=
-25,-96,yzcxRCxbhGVUprMqMG60se5jSdo=,aYQ5vM0hly3UulVynXZIksEEVic=
-18,-92,yzcxRCxbhGVUprMqMG60se5jSdo=,aYQ5vM0hly3UulVynXZIksEEVic=
-24,-89,yzcxRCxbhGVUprMqMG60se5jSdo=,aYQ5vM0hly3UulVynXZIksEEVic=
-19,-92,yzcxRCxbhGVUprMqMG60se5jSdo=,aYQ5vM0hly3UulVynXZIksEEVic=
-20,-92,yzcxRCxbhGVUprMqMG60se5jSdo=,aYQ5vM0hly3UulVynXZIksEEVic=
-22,-92,yzcxRCxbhGVUprMqMG60se5jSdo=,aYQ5vM0hly3UulVynXZIksEEVic=
-21,-92,yzcxRCxbhGVUprMqMG60se5jSdo=,aYQ5vM0hly3UulVynXZIksEEVic=
-22,-95,yzcxRCxbhGVUprMqMG60se5jSdo=,aYQ5vM0hly3UulVynXZIksEEVic=
-24,-92,yzcxRCxbhGVUprMqMG60se5jSdo=,aYQ5vM0hly3UulVynXZIksEEVic=
-26,-91,yzcxRCxbhGVUprMqMG60se5jSdo=,aYQ5vM0hly3UulVynXZIksEEVic=
-28,-91,yzcxRCxbhGVUprMqMG60se5jSdo=,aYQ5vM0hly3UulVynXZIksEEVic=
-27,-90,yzcxRCxbhGVUprMqMG60se5jSdo=,aYQ5vM0hly3UulVynXZIksEEVic=
-25,-92,yzcxRCxbhGVUprMqMG60se5jSdo=,aYQ5vM0hly3UulVynXZIksEEVic=
-27,-89,yzcxRCxbhGVUprMqMG60se5jSdo=,aYQ5vM0hly3UulVynXZIksEEVic=
-23,-91,yzcxRCxbhGVUprMqMG60se5jSdo=,aYQ5vM0hly3UulVynXZIksEEVic=
-24,-94,yzcxRCxbhGVUprMqMG60se5jSdo=,aYQ5vM0hly3UulVynXZIksEEVic=
-24,-96,yzcxRCxbhGVUprMqMG60se5jSdo=,aYQ5vM0hly3UulVynXZIksEEVic=
-23,-90,yzcxRCxbhGVUprMqMG60se5jSdo=,aYQ5vM0hly3UulVynXZIksEEVic=
-22,-96,yzcxRCxbhGVUprMqMG60se5jSdo=,aYQ5vM0hly3UulVynXZIksEEVic=
-27,-91,yzcxRCxbhGVUprMqMG60se5jSdo=,aYQ5vM0hly3UulVynXZIksEEVic=
-24,-95,yzcxRCxbhGVUprMqMG60se5jSdo=,aYQ5vM0hly3UulVynXZIksEEVic=
-23,-96,yzcxRCxbhGVUprMqMG60se5jSdo=,aYQ5vM0hly3UulVynXZIksEEVic=
-26,-86,yzcxRCxbhGVUprMqMG60se5jSdo=,aYQ5vM0hly3UulVynXZIksEEVic=
-26,-90,yzcxRCxbhGVUprMqMG60se5jSdo=,aYQ5vM0hly3UulVynXZIksEEVic=
-25,-91,yzcxRCxbhGVUprMqMG60se5jSdo=,aYQ5vM0hly3UulVynXZIksEEVic=
-25,-95,yzcxRCxbhGVUprMqMG60se5jSdo=,aYQ5vM0hly3UulVynXZIksEEVic=
-23,-92,yzcxRCxbhGVUprMqMG60se5jSdo=,aYQ5vM0hly3UulVynXZIksEEVic=
-26,-89,yzcxRCxbhGVUprMqMG60se5jSdo=,aYQ5vM0hly3UulVynXZIksEEVic=
-26,-77,yzcxRCxbhGVUprMqMG60se5jSdo=,vXxHoJOm+Lqb9lr+hAAJvmimCoU=
-27,-80,yzcxRCxbhGVUprMqMG60se5jSdo=,vXxHoJOm+Lqb9lr+hAAJvmimCoU=
-26,-78,yzcxRCxbhGVUprMqMG60se5jSdo=,vXxHoJOm+Lqb9lr+hAAJvmimCoU=
-27,-77,kcqjVEARtR8/GyeQ2Q61yugZhRI=,vXxHoJOm+Lqb9lr+hAAJvmimCoU=
-25,-77,kcqjVEARtR8/GyeQ2Q61yugZhRI=,vXxHoJOm+Lqb9lr+hAAJvmimCoU=
-29,-77,kcqjVEARtR8/GyeQ2Q61yugZhRI=,vXxHoJOm+Lqb9lr+hAAJvmimCoU=
-24,-77,kcqjVEARtR8/GyeQ2Q61yugZhRI=,vXxHoJOm+Lqb9lr+hAAJvmimCoU=
-23,-77,kcqjVEARtR8/GyeQ2Q61yugZhRI=,vXxHoJOm+Lqb9lr+hAAJvmimCoU=
-21,-77,kcqjVEARtR8/GyeQ2Q61yugZhRI=,vXxHoJOm+Lqb9lr+hAAJvmimCoU=
-22,-77,kcqjVEARtR8/GyeQ2Q61yugZhRI=,vXxHoJOm+Lqb9lr+hAAJvmimCoU=
-20,-77,kcqjVEARtR8/GyeQ2Q61yugZhRI=,vXxHoJOm+Lqb9lr+hAAJvmimCoU=
-19,-77,kcqjVEARtR8/GyeQ2Q61yugZhRI=,vXxHoJOm+Lqb9lr+hAAJvmimCoU=
-18,-77,kcqjVEARtR8/GyeQ2Q61yugZhRI=,vXxHoJOm+Lqb9lr+hAAJvmimCoU=
-26,-79,kcqjVEARtR8/GyeQ2Q61yugZhRI=,vXxHoJOm+Lqb9lr+hAAJvmimCoU=
-17,-77,kcqjVEARtR8/GyeQ2Q61yugZhRI=,vXxHoJOm+Lqb9lr+hAAJvmimCoU=
-30,-77,kcqjVEARtR8/GyeQ2Q61yugZhRI=,vXxHoJOm+Lqb9lr+hAAJvmimCoU=
-26,-80,kcqjVEARtR8/GyeQ2Q61yugZhRI=,vXxHoJOm+Lqb9lr+hAAJvmimCoU=
-32,-76,kcqjVEARtR8/GyeQ2Q61yugZhRI=,vXxHoJOm+Lqb9lr+hAAJvmimCoU=
-31,-76,kcqjVEARtR8/GyeQ2Q61yugZhRI=,vXxHoJOm+Lqb9lr+hAAJvmimCoU=
-25,-78,kcqjVEARtR8/GyeQ2Q61yugZhRI=,vXxHoJOm+Lqb9lr+hAAJvmimCoU=
-30,-76,kcqjVEARtR8/GyeQ2Q61yugZhRI=,vXxHoJOm+Lqb9lr+hAAJvmimCoU=
-31,-80,kcqjVEARtR8/GyeQ2Q61yugZhRI=,vXxHoJOm+Lqb9lr+hAAJvmimCoU=
-28,-76,kcqjVEARtR8/GyeQ2Q61yugZhRI=,vXxHoJOm+Lqb9lr+hAAJvmimCoU=
-29,-76,kcqjVEARtR8/GyeQ2Q61yugZhRI=,vXxHoJOm+Lqb9lr+hAAJvmimCoU=
-17,-65,kcqjVEARtR8/GyeQ2Q61yugZhRI=,vXxHoJOm+Lqb9lr+hAAJvmimCoU=
-19,-65,kcqjVEARtR8/GyeQ2Q61yugZhRI=,vXxHoJOm+Lqb9lr+hAAJvmimCoU=
-20,-65,kcqjVEARtR8/GyeQ2Q61yugZhRI=,vXxHoJOm+Lqb9lr+hAAJvmimCoU=
-21,-65,kcqjVEARtR8/GyeQ2Q61yugZhRI=,vXxHoJOm+Lqb9lr+hAAJvmimCoU=
-18,-65,kcqjVEARtR8/GyeQ2Q61yugZhRI=,vXxHoJOm+Lqb9lr+hAAJvmimCoU=
-22,-65,kcqjVEARtR8/GyeQ2Q61yugZhRI=,vXxHoJOm+Lqb9lr+hAAJvmimCoU=
-23,-65,kcqjVEARtR8/GyeQ2Q61yugZhRI=,vXxHoJOm+Lqb9lr+hAAJvmimCoU=
-29,-65,kcqjVEARtR8/GyeQ2Q61yugZhRI=,vXxHoJOm+Lqb9lr+hAAJvmimCoU=
-31,-77,kcqjVEARtR8/GyeQ2Q61yugZhRI=,vXxHoJOm+Lqb9lr+hAAJvmimCoU=
-31,-65,kcqjVEARtR8/GyeQ2Q61yugZhRI=,vXxHoJOm+Lqb9lr+hAAJvmimCoU=
-32,-65,kcqjVEARtR8/GyeQ2Q61yugZhRI=,vXxHoJOm+Lqb9lr+hAAJvmimCoU=
-30,-65,kcqjVEARtR8/GyeQ2Q61yugZhRI=,vXxHoJOm+Lqb9lr+hAAJvmimCoU=
-29,-80,kcqjVEARtR8/GyeQ2Q61yugZhRI=,vXxHoJOm+Lqb9lr+hAAJvmimCoU=
-17,-66,kcqjVEARtR8/GyeQ2Q61yugZhRI=,vXxHoJOm+Lqb9lr+hAAJvmimCoU=
-18,-66,kcqjVEARtR8/GyeQ2Q61yugZhRI=,vXxHoJOm+Lqb9lr+hAAJvmimCoU=
-20,-66,kcqjVEARtR8/GyeQ2Q61yugZhRI=,vXxHoJOm+Lqb9lr+hAAJvmimCoU=
-19,-66,kcqjVEARtR8/GyeQ2Q61yugZhRI=,vXxHoJOm+Lqb9lr+hAAJvmimCoU=
-22,-66,kcqjVEARtR8/GyeQ2Q61yugZhRI=,vXxHoJOm+Lqb9lr+hAAJvmimCoU=
-23,-66,kcqjVEARtR8/GyeQ2Q61yugZhRI=,vXxHoJOm+Lqb9lr+hAAJvmimCoU=
-24,-66,kcqjVEARtR8/GyeQ2Q61yugZhRI=,vXxHoJOm+Lqb9lr+hAAJvmimCoU=
-25,-66,kcqjVEARtR8/GyeQ2Q61yugZhRI=,vXxHoJOm+Lqb9lr+hAAJvmimCoU=
-21,-66,kcqjVEARtR8/GyeQ2Q61yugZhRI=,vXxHoJOm+Lqb9lr+hAAJvmimCoU=
-26,-66,kcqjVEARtR8/GyeQ2Q61yugZhRI=,vXxHoJOm+Lqb9lr+hAAJvmimCoU=
-28,-79,kcqjVEARtR8/GyeQ2Q61yugZhRI=,vXxHoJOm+Lqb9lr+hAAJvmimCoU=
-27,-76,kcqjVEARtR8/GyeQ2Q61yugZhRI=,vXxHoJOm+Lqb9lr+hAAJvmimCoU=
-28,-77,kcqjVEARtR8/GyeQ2Q61yugZhRI=,vXxHoJOm+Lqb9lr+hAAJvmimCoU=
-29,-66,kcqjVEARtR8/GyeQ2Q61yugZhRI=,vXxHoJOm+Lqb9lr+hAAJvmimCoU=
-30,-66,kcqjVEARtR8/GyeQ2Q61yugZhRI=,vXxHoJOm+Lqb9lr+hAAJvmimCoU=
-31,-66,kcqjVEARtR8/GyeQ2Q61yugZhRI=,vXxHoJOm+Lqb9lr+hAAJvmimCoU=
-32,-66,kcqjVEARtR8/GyeQ2Q61yugZhRI=,vXxHoJOm+Lqb9lr+hAAJvmimCoU=
-17,-67,kcqjVEARtR8/GyeQ2Q61yugZhRI=,vXxHoJOm+Lqb9lr+hAAJvmimCoU=
-29,-79,kcqjVEARtR8/GyeQ2Q61yugZhRI=,vXxHoJOm+Lqb9lr+hAAJvmimCoU=
-24,-65,kcqjVEARtR8/GyeQ2Q61yugZhRI=,vXxHoJOm+Lqb9lr+hAAJvmimCoU=
-18,-67,kcqjVEARtR8/GyeQ2Q61yugZhRI=,vXxHoJOm+Lqb9lr+hAAJvmimCoU=
-19,-67,kcqjVEARtR8/GyeQ2Q61yugZhRI=,vXxHoJOm+Lqb9lr+hAAJvmimCoU=
-20,-67,kcqjVEARtR8/GyeQ2Q61yugZhRI=,vXxHoJOm+Lqb9lr+hAAJvmimCoU=
-21,-67,kcqjVEARtR8/GyeQ2Q61yugZhRI=,vXxHoJOm+Lqb9lr+hAAJvmimCoU=
-22,-67,kcqjVEARtR8/GyeQ2Q61yugZhRI=,vXxHoJOm+Lqb9lr+hAAJvmimCoU=
-23,-67,kcqjVEARtR8/GyeQ2Q61yugZhRI=,vXxHoJOm+Lqb9lr+hAAJvmimCoU=
-24,-67,kcqjVEARtR8/GyeQ2Q61yugZhRI=,vXxHoJOm+Lqb9lr+hAAJvmimCoU=
-25,-67,kcqjVEARtR8/GyeQ2Q61yugZhRI=,vXxHoJOm+Lqb9lr+hAAJvmimCoU=
-28,-80,kcqjVEARtR8/GyeQ2Q61yugZhRI=,vXxHoJOm+Lqb9lr+hAAJvmimCoU=
-27,-66,kcqjVEARtR8/GyeQ2Q61yugZhRI=,vXxHoJOm+Lqb9lr+hAAJvmimCoU=
-28,-66,kcqjVEARtR8/GyeQ2Q61yugZhRI=,vXxHoJOm+Lqb9lr+hAAJvmimCoU=
-29,-67,kcqjVEARtR8/GyeQ2Q61yugZhRI=,vXxHoJOm+Lqb9lr+hAAJvmimCoU=
-30,-67,kcqjVEARtR8/GyeQ2Q61yugZhRI=,vXxHoJOm+Lqb9lr+hAAJvmimCoU=
-32,-67,kcqjVEARtR8/GyeQ2Q61yugZhRI=,vXxHoJOm+Lqb9lr+hAAJvmimCoU=
-31,-67,kcqjVEARtR8/GyeQ2Q61yugZhRI=,vXxHoJOm+Lqb9lr+hAAJvmimCoU=
-30,-79,kcqjVEARtR8/GyeQ2Q61yugZhRI=,vXxHoJOm+Lqb9lr+hAAJvmimCoU=
-17,-68,kcqjVEARtR8/GyeQ2Q61yugZhRI=,vXxHoJOm+Lqb9lr+hAAJvmimCoU=
-27,-79,kcqjVEARtR8/GyeQ2Q61yugZhRI=,vXxHoJOm+Lqb9lr+hAAJvmimCoU=
-18,-68,kcqjVEARtR8/GyeQ2Q61yugZhRI=,vXxHoJOm+Lqb9lr+hAAJvmimCoU=
-19,-68,kcqjVEARtR8/GyeQ2Q61yugZhRI=,vXxHoJOm+Lqb9lr+hAAJvmimCoU=
-20,-68,kcqjVEARtR8/GyeQ2Q61yugZhRI=,vXxHoJOm+Lqb9lr+hAAJvmimCoU=
-21,-68,kcqjVEARtR8/GyeQ2Q61yugZhRI=,vXxHoJOm+Lqb9lr+hAAJvmimCoU=
-22,-68,kcqjVEARtR8/GyeQ2Q61yugZhRI=,vXxHoJOm+Lqb9lr+hAAJvmimCoU=
-30,-78,kcqjVEARtR8/GyeQ2Q61yugZhRI=,vXxHoJOm+Lqb9lr+hAAJvmimCoU=
-23,-68,kcqjVEARtR8/GyeQ2Q61yugZhRI=,vXxHoJOm+Lqb9lr+hAAJvmimCoU=
-24,-68,kcqjVEARtR8/GyeQ2Q61yugZhRI=,vXxHoJOm+Lqb9lr+hAAJvmimCoU=
-27,-65,kcqjVEARtR8/GyeQ2Q61yugZhRI=,vXxHoJOm+Lqb9lr+hAAJvmimCoU=
-25,-68,kcqjVEARtR8/GyeQ2Q61yugZhRI=,vXxHoJOm+Lqb9lr+hAAJvmimCoU=
-28,-68,kcqjVEARtR8/GyeQ2Q61yugZhRI=,vXxHoJOm+Lqb9lr+hAAJvmimCoU=
-29,-68,kcqjVEARtR8/GyeQ2Q61yugZhRI=,vXxHoJOm+Lqb9lr+hAAJvmimCoU=
-30,-68,kcqjVEARtR8/GyeQ2Q61yugZhRI=,vXxHoJOm+Lqb9lr+hAAJvmimCoU=
-32,-68,kcqjVEARtR8/GyeQ2Q61yugZhRI=,vXxHoJOm+Lqb9lr+hAAJvmimCoU=
-31,-79,kcqjVEARtR8/GyeQ2Q61yugZhRI=,vXxHoJOm+Lqb9lr+hAAJvmimCoU=
-32,-79,kcqjVEARtR8/GyeQ2Q61yugZhRI=,vXxHoJOm+Lqb9lr+hAAJvmimCoU=
-17,-80,kcqjVEARtR8/GyeQ2Q61yugZhRI=,vXxHoJOm+Lqb9lr+hAAJvmimCoU=
-30,-80,kcqjVEARtR8/GyeQ2Q61yugZhRI=,vXxHoJOm+Lqb9lr+hAAJvmimCoU=
-32,-77,kcqjVEARtR8/GyeQ2Q61yugZhRI=,vXxHoJOm+Lqb9lr+hAAJvmimCoU=
-31,-68,kcqjVEARtR8/GyeQ2Q61yugZhRI=,vXxHoJOm+Lqb9lr+hAAJvmimCoU=
-18,-80,kcqjVEARtR8/GyeQ2Q61yugZhRI=,vXxHoJOm+Lqb9lr+hAAJvmimCoU=
-17,-78,kcqjVEARtR8/GyeQ2Q61yugZhRI=,vXxHoJOm+Lqb9lr+hAAJvmimCoU=
-32,-78,kcqjVEARtR8/GyeQ2Q61yugZhRI=,vXxHoJOm+Lqb9lr+hAAJvmimCoU=
-17,-79,kcqjVEARtR8/GyeQ2Q61yugZhRI=,vXxHoJOm+Lqb9lr+hAAJvmimCoU=
-17,-69,kcqjVEARtR8/GyeQ2Q61yugZhRI=,vXxHoJOm+Lqb9lr+hAAJvmimCoU=
-18,-79,kcqjVEARtR8/GyeQ2Q61yugZhRI=,vXxHoJOm+Lqb9lr+hAAJvmimCoU=
-18,-69,kcqjVEARtR8/GyeQ2Q61yugZhRI=,vXxHoJOm+Lqb9lr+hAAJvmimCoU=
-19,-69,kcqjVEARtR8/GyeQ2Q61yugZhRI=,vXxHoJOm+Lqb9lr+hAAJvmimCoU=
-20,-69,kcqjVEARtR8/GyeQ2Q61yugZhRI=,vXxHoJOm+Lqb9lr+hAAJvmimCoU=
-21,-69,kcqjVEARtR8/GyeQ2Q61yugZhRI=,vXxHoJOm+Lqb9lr+hAAJvmimCoU=
-22,-69,kcqjVEARtR8/GyeQ2Q61yugZhRI=,vXxHoJOm+Lqb9lr+hAAJvmimCoU=
-23,-69,kcqjVEARtR8/GyeQ2Q61yugZhRI=,vXxHoJOm+Lqb9lr+hAAJvmimCoU=
-24,-69,kcqjVEARtR8/GyeQ2Q61yugZhRI=,vXxHoJOm+Lqb9lr+hAAJvmimCoU=
-26,-67,kcqjVEARtR8/GyeQ2Q61yugZhRI=,vXxHoJOm+Lqb9lr+hAAJvmimCoU=
-28,-78,kcqjVEARtR8/GyeQ2Q61yugZhRI=,vXxHoJOm+Lqb9lr+hAAJvmimCoU=
-26,-76,kcqjVEARtR8/GyeQ2Q61yugZhRI=,vXxHoJOm+Lqb9lr+hAAJvmimCoU=
-25,-76,kcqjVEARtR8/GyeQ2Q61yugZhRI=,vXxHoJOm+Lqb9lr+hAAJvmimCoU=
-24,-76,kcqjVEARtR8/GyeQ2Q61yugZhRI=,vXxHoJOm+Lqb9lr+hAAJvmimCoU=
-22,-76,kcqjVEARtR8/GyeQ2Q61yugZhRI=,vXxHoJOm+Lqb9lr+hAAJvmimCoU=
-23,-76,kcqjVEARtR8/GyeQ2Q61yugZhRI=,vXxHoJOm+Lqb9lr+hAAJvmimCoU=
-21,-76,kcqjVEARtR8/GyeQ2Q61yugZhRI=,vXxHoJOm+Lqb9lr+hAAJvmimCoU=
-20,-76,kcqjVEARtR8/GyeQ2Q61yugZhRI=,vXxHoJOm+Lqb9lr+hAAJvmimCoU=
-19,-76,kcqjVEARtR8/GyeQ2Q61yugZhRI=,vXxHoJOm+Lqb9lr+hAAJvmimCoU=
-18,-76,kcqjVEARtR8/GyeQ2Q61yugZhRI=,vXxHoJOm+Lqb9lr+hAAJvmimCoU=
-17,-76,kcqjVEARtR8/GyeQ2Q61yugZhRI=,vXxHoJOm+Lqb9lr+hAAJvmimCoU=
-25,-79,kcqjVEARtR8/GyeQ2Q61yugZhRI=,vXxHoJOm+Lqb9lr+hAAJvmimCoU=
-24,-78,kcqjVEARtR8/GyeQ2Q61yugZhRI=,vXxHoJOm+Lqb9lr+hAAJvmimCoU=
-32,-75,kcqjVEARtR8/GyeQ2Q61yugZhRI=,vXxHoJOm+Lqb9lr+hAAJvmimCoU=
-25,-80,kcqjVEARtR8/GyeQ2Q61yugZhRI=,vXxHoJOm+Lqb9lr+hAAJvmimCoU=
-31,-75,kcqjVEARtR8/GyeQ2Q61yugZhRI=,vXxHoJOm+Lqb9lr+hAAJvmimCoU=
-31,-78,kcqjVEARtR8/GyeQ2Q61yugZhRI=,vXxHoJOm+Lqb9lr+hAAJvmimCoU=
-28,-65,kcqjVEARtR8/GyeQ2Q61yugZhRI=,vXxHoJOm+Lqb9lr+hAAJvmimCoU=
-29,-69,kcqjVEARtR8/GyeQ2Q61yugZhRI=,vXxHoJOm+Lqb9lr+hAAJvmimCoU=
-30,-69,kcqjVEARtR8/GyeQ2Q61yugZhRI=,vXxHoJOm+Lqb9lr+hAAJvmimCoU=
-31,-69,kcqjVEARtR8/GyeQ2Q61yugZhRI=,vXxHoJOm+Lqb9lr+hAAJvmimCoU=
-32,-69,kcqjVEARtR8/GyeQ2Q61yugZhRI=,vXxHoJOm+Lqb9lr+hAAJvmimCoU=
-18,-78,kcqjVEARtR8/GyeQ2Q61yugZhRI=,vXxHoJOm+Lqb9lr+hAAJvmimCoU=
-19,-80,kcqjVEARtR8/GyeQ2Q61yugZhRI=,vXxHoJOm+Lqb9lr+hAAJvmimCoU=
-19,-79,kcqjVEARtR8/GyeQ2Q61yugZhRI=,vXxHoJOm+Lqb9lr+hAAJvmimCoU=
-17,-70,kcqjVEARtR8/GyeQ2Q61yugZhRI=,vXxHoJOm+Lqb9lr+hAAJvmimCoU=
-18,-70,kcqjVEARtR8/GyeQ2Q61yugZhRI=,vXxHoJOm+Lqb9lr+hAAJvmimCoU=
-20,-70,kcqjVEARtR8/GyeQ2Q61yugZhRI=,vXxHoJOm+Lqb9lr+hAAJvmimCoU=
-19,-70,kcqjVEARtR8/GyeQ2Q61yugZhRI=,vXxHoJOm+Lqb9lr+hAAJvmimCoU=
-21,-70,kcqjVEARtR8/GyeQ2Q61yugZhRI=,vXxHoJOm+Lqb9lr+hAAJvmimCoU=
-22,-70,kcqjVEARtR8/GyeQ2Q61yugZhRI=,vXxHoJOm+Lqb9lr+hAAJvmimCoU=
-23,-70,kcqjVEARtR8/GyeQ2Q61yugZhRI=,vXxHoJOm+Lqb9lr+hAAJvmimCoU=
-24,-70,kcqjVEARtR8/GyeQ2Q61yugZhRI=,vXxHoJOm+Lqb9lr+hAAJvmimCoU=
-25,-70,kcqjVEARtR8/GyeQ2Q61yugZhRI=,vXxHoJOm+Lqb9lr+hAAJvmimCoU=
-26,-70,kcqjVEARtR8/GyeQ2Q61yugZhRI=,vXxHoJOm+Lqb9lr+hAAJvmimCoU=
-25,-69,kcqjVEARtR8/GyeQ2Q61yugZhRI=,vXxHoJOm+Lqb9lr+hAAJvmimCoU=
-30,-75,kcqjVEARtR8/GyeQ2Q61yugZhRI=,vXxHoJOm+Lqb9lr+hAAJvmimCoU=
-29,-75,kcqjVEARtR8/GyeQ2Q61yugZhRI=,vXxHoJOm+Lqb9lr+hAAJvmimCoU=
-28,-75,kcqjVEARtR8/GyeQ2Q61yugZhRI=,vXxHoJOm+Lqb9lr+hAAJvmimCoU=
-32,-80,kcqjVEARtR8/GyeQ2Q61yugZhRI=,vXxHoJOm+Lqb9lr+hAAJvmimCoU=
-27,-75,kcqjVEARtR8/GyeQ2Q61yugZhRI=,vXxHoJOm+Lqb9lr+hAAJvmimCoU=
-26,-75,kcqjVEARtR8/GyeQ2Q61yugZhRI=,vXxHoJOm+Lqb9lr+hAAJvmimCoU=
-25,-75,kcqjVEARtR8/GyeQ2Q61yugZhRI=,vXxHoJOm+Lqb9lr+hAAJvmimCoU=
-23,-75,kcqjVEARtR8/GyeQ2Q61yugZhRI=,vXxHoJOm+Lqb9lr+hAAJvmimCoU=
-24,-75,kcqjVEARtR8/GyeQ2Q61yugZhRI=,vXxHoJOm+Lqb9lr+hAAJvmimCoU=
-22,-75,kcqjVEARtR8/GyeQ2Q61yugZhRI=,vXxHoJOm+Lqb9lr+hAAJvmimCoU=
-21,-75,kcqjVEARtR8/GyeQ2Q61yugZhRI=,vXxHoJOm+Lqb9lr+hAAJvmimCoU=
-20,-75,kcqjVEARtR8/GyeQ2Q61yugZhRI=,vXxHoJOm+Lqb9lr+hAAJvmimCoU=
-19,-75,kcqjVEARtR8/GyeQ2Q61yugZhRI=,vXxHoJOm+Lqb9lr+hAAJvmimCoU=
-18,-75,kcqjVEARtR8/GyeQ2Q61yugZhRI=,vXxHoJOm+Lqb9lr+hAAJvmimCoU=
-24,-79,kcqjVEARtR8/GyeQ2Q61yugZhRI=,vXxHoJOm+Lqb9lr+hAAJvmimCoU=
-17,-75,kcqjVEARtR8/GyeQ2Q61yugZhRI=,vXxHoJOm+Lqb9lr+hAAJvmimCoU=
-24,-80,kcqjVEARtR8/GyeQ2Q61yugZhRI=,vXxHoJOm+Lqb9lr+hAAJvmimCoU=
-32,-74,kcqjVEARtR8/GyeQ2Q61yugZhRI=,vXxHoJOm+Lqb9lr+hAAJvmimCoU=
-23,-78,kcqjVEARtR8/GyeQ2Q61yugZhRI=,vXxHoJOm+Lqb9lr+hAAJvmimCoU=
-31,-74,kcqjVEARtR8/GyeQ2Q61yugZhRI=,vXxHoJOm+Lqb9lr+hAAJvmimCoU=
-30,-74,kcqjVEARtR8/GyeQ2Q61yugZhRI=,vXxHoJOm+Lqb9lr+hAAJvmimCoU=
-26,-65,kcqjVEARtR8/GyeQ2Q61yugZhRI=,vXxHoJOm+Lqb9lr+hAAJvmimCoU=
-27,-69,kcqjVEARtR8/GyeQ2Q61yugZhRI=,vXxHoJOm+Lqb9lr+hAAJvmimCoU=
-29,-70,kcqjVEARtR8/GyeQ2Q61yugZhRI=,vXxHoJOm+Lqb9lr+hAAJvmimCoU=
-18,-71,kcqjVEARtR8/GyeQ2Q61yugZhRI=,vXxHoJOm+Lqb9lr+hAAJvmimCoU=
-20,-79,kcqjVEARtR8/GyeQ2Q61yugZhRI=,vXxHoJOm+Lqb9lr+hAAJvmimCoU=
-19,-71,kcqjVEARtR8/GyeQ2Q61yugZhRI=,vXxHoJOm+Lqb9lr+hAAJvmimCoU=
-20,-71,kcqjVEARtR8/GyeQ2Q61yugZhRI=,vXxHoJOm+Lqb9lr+hAAJvmimCoU=
-19,-78,kcqjVEARtR8/GyeQ2Q61yugZhRI=,vXxHoJOm+Lqb9lr+hAAJvmimCoU=
-28,-69,kcqjVEARtR8/GyeQ2Q61yugZhRI=,vXxHoJOm+Lqb9lr+hAAJvmimCoU=
-21,-71,kcqjVEARtR8/GyeQ2Q61yugZhRI=,vXxHoJOm+Lqb9lr+hAAJvmimCoU=
-32,-70,kcqjVEARtR8/GyeQ2Q61yugZhRI=,vXxHoJOm+Lqb9lr+hAAJvmimCoU=
-23,-71,kcqjVEARtR8/GyeQ2Q61yugZhRI=,vXxHoJOm+Lqb9lr+hAAJvmimCoU=
-25,-71,kcqjVEARtR8/GyeQ2Q61yugZhRI=,vXxHoJOm+Lqb9lr+hAAJvmimCoU=
-24,-71,kcqjVEARtR8/GyeQ2Q61yugZhRI=,vXxHoJOm+Lqb9lr+hAAJvmimCoU=
-22,-71,kcqjVEARtR8/GyeQ2Q61yugZhRI=,vXxHoJOm+Lqb9lr+hAAJvmimCoU=
-17,-71,kcqjVEARtR8/GyeQ2Q61yugZhRI=,vXxHoJOm+Lqb9lr+hAAJvmimCoU=
-26,-71,kcqjVEARtR8/GyeQ2Q61yugZhRI=,vXxHoJOm+Lqb9lr+hAAJvmimCoU=
-27,-71,kcqjVEARtR8/GyeQ2Q61yugZhRI=,vXxHoJOm+Lqb9lr+hAAJvmimCoU=
-28,-71,kcqjVEARtR8/GyeQ2Q61yugZhRI=,vXxHoJOm+Lqb9lr+hAAJvmimCoU=
-31,-71,kcqjVEARtR8/GyeQ2Q61yugZhRI=,vXxHoJOm+Lqb9lr+hAAJvmimCoU=
-29,-71,kcqjVEARtR8/GyeQ2Q61yugZhRI=,vXxHoJOm+Lqb9lr+hAAJvmimCoU=
-31,-70,kcqjVEARtR8/GyeQ2Q61yugZhRI=,vXxHoJOm+Lqb9lr+hAAJvmimCoU=
-21,-80,kcqjVEARtR8/GyeQ2Q61yugZhRI=,vXxHoJOm+Lqb9lr+hAAJvmimCoU=
-21,-79,kcqjVEARtR8/GyeQ2Q61yugZhRI=,vXxHoJOm+Lqb9lr+hAAJvmimCoU=
-32,-71,kcqjVEARtR8/GyeQ2Q61yugZhRI=,vXxHoJOm+Lqb9lr+hAAJvmimCoU=
-20,-80,kcqjVEARtR8/GyeQ2Q61yugZhRI=,vXxHoJOm+Lqb9lr+hAAJvmimCoU=
-25,-65,kcqjVEARtR8/GyeQ2Q61yugZhRI=,vXxHoJOm+Lqb9lr+hAAJvmimCoU=
-20,-78,kcqjVEARtR8/GyeQ2Q61yugZhRI=,vXxHoJOm+Lqb9lr+hAAJvmimCoU=
-17,-72,kcqjVEARtR8/GyeQ2Q61yugZhRI=,vXxHoJOm+Lqb9lr+hAAJvmimCoU=
-18,-72,kcqjVEARtR8/GyeQ2Q61yugZhRI=,vXxHoJOm+Lqb9lr+hAAJvmimCoU=
-19,-72,kcqjVEARtR8/GyeQ2Q61yugZhRI=,vXxHoJOm+Lqb9lr+hAAJvmimCoU=
-20,-72,kcqjVEARtR8/GyeQ2Q61yugZhRI=,vXxHoJOm+Lqb9lr+hAAJvmimCoU=
-21,-72,kcqjVEARtR8/GyeQ2Q61yugZhRI=,vXxHoJOm+Lqb9lr+hAAJvmimCoU=
-22,-72,kcqjVEARtR8/GyeQ2Q61yugZhRI=,vXxHoJOm+Lqb9lr+hAAJvmimCoU=
-23,-72,kcqjVEARtR8/GyeQ2Q61yugZhRI=,vXxHoJOm+Lqb9lr+hAAJvmimCoU=
-24,-72,kcqjVEARtR8/GyeQ2Q61yugZhRI=,vXxHoJOm+Lqb9lr+hAAJvmimCoU=
-25,-72,kcqjVEARtR8/GyeQ2Q61yugZhRI=,vXxHoJOm+Lqb9lr+hAAJvmimCoU=
-26,-72,kcqjVEARtR8/GyeQ2Q61yugZhRI=,vXxHoJOm+Lqb9lr+hAAJvmimCoU=
-27,-72,kcqjVEARtR8/GyeQ2Q61yugZhRI=,vXxHoJOm+Lqb9lr+hAAJvmimCoU=
-29,-72,kcqjVEARtR8/GyeQ2Q61yugZhRI=,vXxHoJOm+Lqb9lr+hAAJvmimCoU=
-30,-72,kcqjVEARtR8/GyeQ2Q61yugZhRI=,vXxHoJOm+Lqb9lr+hAAJvmimCoU=
-21,-78,kcqjVEARtR8/GyeQ2Q61yugZhRI=,vXxHoJOm+Lqb9lr+hAAJvmimCoU=
-31,-72,kcqjVEARtR8/GyeQ2Q61yugZhRI=,vXxHoJOm+Lqb9lr+hAAJvmimCoU=
-22,-80,kcqjVEARtR8/GyeQ2Q61yugZhRI=,vXxHoJOm+Lqb9lr+hAAJvmimCoU=
-32,-72,kcqjVEARtR8/GyeQ2Q61yugZhRI=,vXxHoJOm+Lqb9lr+hAAJvmimCoU=
-17,-73,kcqjVEARtR8/GyeQ2Q61yugZhRI=,vXxHoJOm+Lqb9lr+hAAJvmimCoU=
-22,-79,kcqjVEARtR8/GyeQ2Q61yugZhRI=,vXxHoJOm+Lqb9lr+hAAJvmimCoU=
-28,-70,kcqjVEARtR8/GyeQ2Q61yugZhRI=,vXxHoJOm+Lqb9lr+hAAJvmimCoU=
-18,-73,kcqjVEARtR8/GyeQ2Q61yugZhRI=,vXxHoJOm+Lqb9lr+hAAJvmimCoU=
-20,-73,kcqjVEARtR8/GyeQ2Q61yugZhRI=,vXxHoJOm+Lqb9lr+hAAJvmimCoU=
-19,-73,kcqjVEARtR8/GyeQ2Q61yugZhRI=,vXxHoJOm+Lqb9lr+hAAJvmimCoU=
-21,-73,kcqjVEARtR8/GyeQ2Q61yugZhRI=,vXxHoJOm+Lqb9lr+hAAJvmimCoU=
-22,-73,kcqjVEARtR8/GyeQ2Q61yugZhRI=,vXxHoJOm+Lqb9lr+hAAJvmimCoU=
-24,-73,kcqjVEARtR8/GyeQ2Q61yugZhRI=,vXxHoJOm+Lqb9lr+hAAJvmimCoU=
-23,-73,kcqjVEARtR8/GyeQ2Q61yugZhRI=,vXxHoJOm+Lqb9lr+hAAJvmimCoU=
-25,-73,kcqjVEARtR8/GyeQ2Q61yugZhRI=,vXxHoJOm+Lqb9lr+hAAJvmimCoU=
-27,-73,kcqjVEARtR8/GyeQ2Q61yugZhRI=,vXxHoJOm+Lqb9lr+hAAJvmimCoU=
-26,-73,kcqjVEARtR8/GyeQ2Q61yugZhRI=,vXxHoJOm+Lqb9lr+hAAJvmimCoU=
-29,-73,kcqjVEARtR8/GyeQ2Q61yugZhRI=,vXxHoJOm+Lqb9lr+hAAJvmimCoU=
-31,-73,kcqjVEARtR8/GyeQ2Q61yugZhRI=,vXxHoJOm+Lqb9lr+hAAJvmimCoU=
-26,-69,kcqjVEARtR8/GyeQ2Q61yugZhRI=,vXxHoJOm+Lqb9lr+hAAJvmimCoU=
-22,-78,kcqjVEARtR8/GyeQ2Q61yugZhRI=,vXxHoJOm+Lqb9lr+hAAJvmimCoU=
-32,-73,kcqjVEARtR8/GyeQ2Q61yugZhRI=,vXxHoJOm+Lqb9lr+hAAJvmimCoU=
-23,-80,kcqjVEARtR8/GyeQ2Q61yugZhRI=,vXxHoJOm+Lqb9lr+hAAJvmimCoU=
-23,-79,kcqjVEARtR8/GyeQ2Q61yugZhRI=,vXxHoJOm+Lqb9lr+hAAJvmimCoU=
-17,-74,kcqjVEARtR8/GyeQ2Q61yugZhRI=,vXxHoJOm+Lqb9lr+hAAJvmimCoU=
-19,-74,kcqjVEARtR8/GyeQ2Q61yugZhRI=,vXxHoJOm+Lqb9lr+hAAJvmimCoU=
-18,-74,kcqjVEARtR8/GyeQ2Q61yugZhRI=,vXxHoJOm+Lqb9lr+hAAJvmimCoU=
-20,-74,kcqjVEARtR8/GyeQ2Q61yugZhRI=,vXxHoJOm+Lqb9lr+hAAJvmimCoU=
-21,-74,kcqjVEARtR8/GyeQ2Q61yugZhRI=,vXxHoJOm+Lqb9lr+hAAJvmimCoU=
-22,-74,kcqjVEARtR8/GyeQ2Q61yugZhRI=,vXxHoJOm+Lqb9lr+hAAJvmimCoU=
-23,-74,kcqjVEARtR8/GyeQ2Q61yugZhRI=,vXxHoJOm+Lqb9lr+hAAJvmimCoU=
-24,-74,kcqjVEARtR8/GyeQ2Q61yugZhRI=,vXxHoJOm+Lqb9lr+hAAJvmimCoU=
-25,-74,kcqjVEARtR8/GyeQ2Q61yugZhRI=,vXxHoJOm+Lqb9lr+hAAJvmimCoU=
-27,-74,kcqjVEARtR8/GyeQ2Q61yugZhRI=,vXxHoJOm+Lqb9lr+hAAJvmimCoU=
-26,-74,kcqjVEARtR8/GyeQ2Q61yugZhRI=,vXxHoJOm+Lqb9lr+hAAJvmimCoU=
-27,-70,kcqjVEARtR8/GyeQ2Q61yugZhRI=,vXxHoJOm+Lqb9lr+hAAJvmimCoU=
-27,-78,kcqjVEARtR8/GyeQ2Q61yugZhRI=,vXxHoJOm+Lqb9lr+hAAJvmimCoU=
-30,-73,kcqjVEARtR8/GyeQ2Q61yugZhRI=,vXxHoJOm+Lqb9lr+hAAJvmimCoU=
-27,-68,kcqjVEARtR8/GyeQ2Q61yugZhRI=,vXxHoJOm+Lqb9lr+hAAJvmimCoU=
-28,-73,kcqjVEARtR8/GyeQ2Q61yugZhRI=,vXxHoJOm+Lqb9lr+hAAJvmimCoU=
-30,-70,kcqjVEARtR8/GyeQ2Q61yugZhRI=,vXxHoJOm+Lqb9lr+hAAJvmimCoU=
-26,-68,kcqjVEARtR8/GyeQ2Q61yugZhRI=,vXxHoJOm+Lqb9lr+hAAJvmimCoU=
-28,-67,kcqjVEARtR8/GyeQ2Q61yugZhRI=,vXxHoJOm+Lqb9lr+hAAJvmimCoU=
-28,-72,kcqjVEARtR8/GyeQ2Q61yugZhRI=,vXxHoJOm+Lqb9lr+hAAJvmimCoU=
-29,-74,kcqjVEARtR8/GyeQ2Q61yugZhRI=,vXxHoJOm+Lqb9lr+hAAJvmimCoU=
-28,-74,kcqjVEARtR8/GyeQ2Q61yugZhRI=,vXxHoJOm+Lqb9lr+hAAJvmimCoU=
-29,-78,kcqjVEARtR8/GyeQ2Q61yugZhRI=,vXxHoJOm+Lqb9lr+hAAJvmimCoU=
-30,-71,kcqjVEARtR8/GyeQ2Q61yugZhRI=,vXxHoJOm+Lqb9lr+hAAJvmimCoU=
-27,-67,kcqjVEARtR8/GyeQ2Q61yugZhRI=,vXxHoJOm+Lqb9lr+hAAJvmimCoU=
